type;time;task;customtext;taskId;name;active;ordering;isdefault
out;2018-03-01 17:30:00.0000;0;;;;;;;
in;2018-03-01 09:00:00.0000;2;;2;office;1;0;0;
in;2018-03-02 09:30:00.0000;2;;2;office;1;0;0;
out;2018-03-02 17:00:00.0000;0;;;;;;;
in;2018-03-05 09:45:00.0000;2;;2;office;1;0;0;
out;2018-03-05 17:35:00.0000;0;;;;;;;
in;2018-03-06 09:35:00.0000;2;;2;office;1;0;0;
out;2018-03-06 17:35:00.0000;0;;;;;;;
in;2018-03-07 08:30:00.0000;4;;4;travel;1;0;0;
out;2018-03-07 09:10:00.0000;0;;;;;;;
in;2018-03-07 09:25:00.0000;2;;2;office;1;0;0;
out;2018-03-07 16:35:00.0000;0;;;;;;;
in;2018-03-07 17:30:00.0000;4;;4;travel;1;0;0;
out;2018-03-07 17:50:00.0000;0;;;;;;;
in;2018-03-08 09:25:00.0000;2;;2;office;1;0;0;
out;2018-03-08 18:55:00.0000;0;;;;;;;
in;2018-03-09 10:30:00.0000;3;;3;home;1;0;0;
out;2018-03-09 16:20:00.0000;0;;;;;;;
in;2018-03-12 09:23:29.4610;2;;2;office;1;0;0;
out;2018-03-12 17:35:33.8590;0;;;;;;;
in;2018-03-12 17:47:26.3550;4;;4;travel;1;0;0;
out;2018-03-12 18:01:35.7230;0;;;;;;;
in;2018-03-13 09:12:13.5170;4;;4;travel;1;0;0;
out;2018-03-13 09:37:08.3520;0;;;;;;;
in;2018-03-13 09:54:09.1000;2;;2;office;1;0;0;
out;2018-03-13 16:53:53.0390;0;;;;;;;
in;2018-03-14 09:27:59.1060;4;;4;travel;1;0;0;
out;2018-03-14 09:48:30.9890;0;;;;;;;
in;2018-03-14 09:56:12.3620;2;;2;office;1;0;0;
out;2018-03-14 17:08:34.1070;0;;;;;;;
in;2018-03-15 08:56:39.9490;4;;4;travel;1;0;0;
out;2018-03-15 09:18:49.1110;0;;;;;;;
in;2018-03-15 09:25:40.8460;2;;2;office;1;0;0;
out;2018-03-15 17:05:00.0000;0;;;;;;;
in;2018-03-15 17:19:09.9160;4;;4;travel;1;0;0;
out;2018-03-15 18:01:45.5880;0;;;;;;;
in;2018-03-16 10:10:00.0000;3;;3;home;1;0;0;
out;2018-03-16 13:04:06.2100;0;;;;;;;
in;2018-03-16 14:57:00.0000;3;;3;home;1;0;0;
out;2018-03-16 16:59:30.9740;0;;;;;;;
in;2018-03-16 17:06:00.0000;4;;4;travel;1;0;0;
out;2018-03-16 17:25:03.3630;0;;;;;;;
in;2018-03-17 17:44:33.1000;3;;3;home;1;0;0;
out;2018-03-17 18:09:57.5970;0;;;;;;;
in;2018-03-18 11:33:38.0340;3;;3;home;1;0;0;
out;2018-03-18 14:11:50.0660;0;;;;;;;
in;2018-03-19 08:30:02.2350;4;;4;travel;1;0;0;
out;2018-03-19 08:46:35.5450;0;;;;;;;
in;2018-03-19 08:52:44.2180;2;;2;office;1;0;0;
out;2018-03-19 17:30:44.4340;0;;;;;;;
in;2018-03-19 18:17:12.0640;4;;4;travel;1;0;0;
out;2018-03-19 18:49:06.0050;0;;;;;;;
in;2018-03-20 08:23:27.2860;4;;4;travel;1;0;0;
out;2018-03-20 08:50:07.1160;0;;;;;;;
in;2018-03-20 09:01:51.4920;2;;2;office;1;0;0;
out;2018-03-20 18:35:00.0000;0;;;;;;;
in;2018-03-21 08:50:14.3760;4;;4;travel;1;0;0;
out;2018-03-21 09:22:45.4460;0;;;;;;;
in;2018-03-21 09:26:01.7130;2;;2;office;1;0;0;
out;2018-03-21 16:37:36.9020;0;;;;;;;
in;2018-03-21 17:07:12.6260;4;;4;travel;1;0;0;
out;2018-03-21 17:30:22.2530;0;;;;;;;
in;2018-03-22 08:27:20.0990;4;;4;travel;1;0;0;
out;2018-03-22 08:47:14.5860;0;;;;;;;
in;2018-03-22 08:53:58.3380;2;;2;office;1;0;0;
out;2018-03-22 17:32:43.0450;0;;;;;;;
in;2018-03-22 17:53:50.9000;4;;4;travel;1;0;0;
out;2018-03-22 18:36:33.6970;0;;;;;;;
in;2018-03-23 08:24:55.4190;4;;4;travel;1;0;0;
out;2018-03-23 08:36:46.0880;0;;;;;;;
in;2018-03-23 08:53:01.8810;2;;2;office;1;0;0;
out;2018-03-23 17:06:20.0000;0;;;;;;;
in;2018-03-23 17:42:05.4060;4;;4;travel;1;0;0;
out;2018-03-23 17:51:00.0000;0;;;;;;;
in;2018-03-26 09:04:35.1700;3;;3;home;1;0;0;
out;2018-03-26 09:56:08.1470;0;;;;;;;
in;2018-03-26 12:17:09.2880;4;;4;travel;1;0;0;
out;2018-03-26 12:49:08.0520;0;;;;;;;
in;2018-03-26 12:52:40.2610;2;;2;office;1;0;0;
out;2018-03-26 16:36:25.2310;0;;;;;;;
in;2018-03-26 16:42:00.6350;4;;4;travel;1;0;0;
out;2018-03-26 16:50:42.8570;0;;;;;;;
in;2018-03-26 17:14:58.9360;4;;4;travel;1;0;0;
out;2018-03-26 17:33:46.5590;0;;;;;;;
in;2018-03-27 08:54:17.1010;3;;3;home;1;0;0;
out;2018-03-27 10:57:10.1090;0;;;;;;;
in;2018-03-27 11:34:00.0000;4;;4;travel;1;0;0;
out;2018-03-27 11:44:54.6420;0;;;;;;;
in;2018-03-27 17:05:34.5660;3;;3;home;1;0;0;
out;2018-03-27 18:50:32.0140;0;;;;;;;
in;2018-03-27 22:33:47.9700;3;;3;home;1;0;0;
out;2018-03-27 23:54:31.4750;0;;;;;;;
in;2018-03-28 08:24:39.5600;4;;4;travel;1;0;0;
out;2018-03-28 08:44:24.0400;0;;;;;;;
in;2018-03-28 08:58:55.8750;2;;2;office;1;0;0;
out;2018-03-28 18:01:10.0600;0;;;;;;;
in;2018-03-28 18:11:53.6010;4;;4;travel;1;0;0;
out;2018-03-28 18:30:11.5820;0;;;;;;;
in;2018-03-28 19:31:38.8450;4;;4;travel;1;0;0;
out;2018-03-28 19:57:00.8450;0;;;;;;;
in;2018-03-29 09:52:13.6280;4;;4;travel;1;0;0;
out;2018-03-29 10:03:30.5820;0;;;;;;;
in;2018-03-29 10:06:30.8460;2;;2;office;1;0;0;
out;2018-03-29 17:35:24.2320;0;;;;;;;
in;2018-03-29 17:42:10.5540;4;;4;travel;1;0;0;
out;2018-03-29 18:17:22.5190;0;;;;;;;
in;2018-04-03 08:27:20.3940;4;;4;travel;1;0;0;
out;2018-04-03 08:41:24.3420;0;;;;;;;
in;2018-04-03 08:53:35.5830;2;;2;office;1;0;0;
out;2018-04-03 17:07:32.1800;0;;;;;;;
in;2018-04-03 17:20:20.4430;4;;4;travel;1;0;0;
out;2018-04-03 17:57:11.1330;0;;;;;;;
in;2018-04-04 09:01:26.8920;4;;4;travel;1;0;0;
out;2018-04-04 09:47:13.8120;0;;;;;;;
in;2018-04-04 09:54:11.3490;2;;2;office;1;0;0;
out;2018-04-04 16:59:59.9330;0;;;;;;;
in;2018-04-04 17:19:37.8190;4;;4;travel;1;0;0;
out;2018-04-04 17:35:48.8560;0;;;;;;;
in;2018-04-05 10:06:40.8890;2;;2;office;1;0;0;
out;2018-04-05 17:52:45.8720;0;;;;;;;
in;2018-04-05 18:27:27.3620;4;;4;travel;1;0;0;
out;2018-04-05 18:52:00.0000;0;;;;;;;
in;2018-04-06 09:34:17.6580;3;;3;home;1;0;0;
out;2018-04-06 10:12:09.9550;0;;;;;;;
in;2018-04-06 10:59:14.2870;3;;3;home;1;0;0;
out;2018-04-06 13:26:35.0090;0;;;;;;;
in;2018-04-06 14:55:18.7940;3;;3;home;1;0;0;
out;2018-04-06 17:01:16.7860;0;;;;;;;
in;2018-04-09 08:31:29.0270;4;;4;travel;1;0;0;
out;2018-04-09 09:17:12.8380;0;;;;;;;
in;2018-04-09 09:18:42.6410;5;;5;hackathon;1;0;0;
out;2018-04-09 18:19:55.3740;0;;;;;;;
in;2018-04-09 19:26:07.0820;4;;4;travel;1;0;0;
out;2018-04-09 19:38:19.1730;0;;;;;;;
in;2018-04-10 09:02:29.1730;5;;5;hackathon;1;0;0;
out;2018-04-10 16:52:13.5440;0;;;;;;;
in;2018-04-10 17:23:00.0000;2;;2;office;1;0;0;
out;2018-04-10 17:38:22.6500;0;;;;;;;
in;2018-04-11 09:04:49.9660;4;;4;travel;1;0;0;
out;2018-04-11 09:48:13.8640;0;;;;;;;
in;2018-04-11 09:53:48.6550;2;;2;office;1;0;0;
out;2018-04-11 17:08:41.2760;0;;;;;;;
in;2018-04-11 17:38:07.1890;4;;4;travel;1;0;0;
out;2018-04-11 17:50:34.5100;0;;;;;;;
in;2018-04-12 09:22:55.1030;4;;4;travel;1;0;0;
out;2018-04-12 09:45:32.0040;0;;;;;;;
in;2018-04-12 09:52:43.4920;2;;2;office;1;0;0;
out;2018-04-12 15:09:23.9200;0;;;;;;;
in;2018-04-12 15:12:57.8610;2;;2;office;1;0;0;
out;2018-04-12 16:03:19.6320;0;;;;;;;
in;2018-04-12 16:18:06.4650;4;;4;travel;1;0;0;
out;2018-04-12 16:58:53.7450;0;;;;;;;
in;2018-04-13 08:04:58.5830;6;;6;mobile;1;0;0;
out;2018-04-13 09:06:47.8650;0;;;;;;;
in;2018-04-13 09:49:49.4150;6;;6;mobile;1;0;0;
out;2018-04-13 10:48:08.6480;0;;;;;;;
in;2018-04-13 11:48:53.4410;6;;6;mobile;1;0;0;
out;2018-04-13 13:28:35.0630;0;;;;;;;
in;2018-04-13 15:27:09.7940;6;;6;mobile;1;0;0;
out;2018-04-13 16:13:43.3860;0;;;;;;;
in;2018-04-16 09:01:00.0000;3;;3;home;1;0;0;
out;2018-04-16 09:44:13.9330;0;;;;;;;
in;2018-04-16 10:14:10.4390;3;;3;home;1;0;0;
out;2018-04-16 10:51:11.5030;0;;;;;;;
in;2018-04-16 12:09:07.5160;4;;4;travel;1;0;0;
out;2018-04-16 12:12:48.1820;0;;;;;;;
in;2018-04-16 12:30:11.9490;4;;4;travel;1;0;0;
out;2018-04-16 12:51:41.7730;0;;;;;;;
in;2018-04-16 12:55:57.4940;2;;2;office;1;0;0;
out;2018-04-16 17:11:30.2220;0;;;;;;;
in;2018-04-16 17:40:43.5600;4;;4;travel;1;0;0;
out;2018-04-16 17:55:18.4110;0;;;;;;;
in;2018-04-16 18:24:00.0000;3;;3;home;1;0;0;
out;2018-04-16 19:08:00.0000;0;;;;;;;
in;2018-04-17 09:07:00.0000;3;;3;home;1;0;0;
out;2018-04-17 09:15:00.0000;0;;;;;;;
in;2018-04-17 10:28:17.0100;4;;4;travel;1;0;0;
out;2018-04-17 11:24:30.8050;0;;;;;;;
in;2018-04-17 11:25:54.6720;2;;2;office;1;0;0;
out;2018-04-17 18:03:40.6710;0;;;;;;;
in;2018-04-17 18:50:15.1840;4;;4;travel;1;0;0;
out;2018-04-17 18:58:00.0000;0;;;;;;;
in;2018-04-18 09:36:30.7690;4;;4;travel;1;0;0;
out;2018-04-18 09:48:01.9710;0;;;;;;;
in;2018-04-18 09:52:47.2150;2;;2;office;1;0;0;
out;2018-04-18 17:45:10.6340;0;;;;;;;
in;2018-04-19 09:00:24.2620;4;;4;travel;1;0;0;
out;2018-04-19 09:57:02.3280;0;;;;;;;
in;2018-04-19 09:59:55.3920;2;;2;office;1;0;0;
out;2018-04-19 16:36:10.9160;0;;;;;;;
in;2018-04-19 16:58:00.0270;4;;4;travel;1;0;0;
out;2018-04-19 17:41:32.8140;0;;;;;;;
in;2018-04-20 10:19:44.7250;3;;3;home;1;0;0;
out;2018-04-20 13:58:00.0000;0;;;;;;;
in;2018-04-20 15:04:07.4110;3;;3;home;1;0;0;
out;2018-04-20 16:04:57.2450;0;;;;;;;
in;2018-04-20 17:14:55.6960;3;;3;home;1;0;0;
out;2018-04-20 19:43:34.4730;0;;;;;;;
in;2018-04-20 20:12:21.3340;3;;3;home;1;0;0;
out;2018-04-20 20:50:47.0610;0;;;;;;;
in;2018-04-23 08:31:50.4960;4;;4;travel;1;0;0;
out;2018-04-23 08:51:07.3420;0;;;;;;;
in;2018-04-23 08:54:00.0000;2;;2;office;1;0;0;
in;2018-04-23 08:00:00.0000;4;;4;travel;1;0;0;
out;2018-04-23 08:54:51.1340;0;;;;;;;
in;2018-04-23 08:56:26.3280;2;;2;office;1;0;0;
out;2018-04-23 08:00:00.0000;0;;;;;;;
out;2018-04-23 17:00:16.5020;0;;;;;;;
in;2018-04-24 09:05:24.2210;4;;4;travel;1;0;0;
out;2018-04-24 09:46:19.4240;0;;;;;;;
in;2018-04-24 09:52:11.6760;2;;2;office;1;0;0;
out;2018-04-24 17:06:00.9570;0;;;;;;;
in;2018-04-24 17:50:18.3910;4;;4;travel;1;0;0;
out;2018-04-24 17:57:41.6470;0;;;;;;;
in;2018-04-25 09:04:39.7370;4;;4;travel;1;0;0;
out;2018-04-25 09:46:52.9220;0;;;;;;;
in;2018-04-25 10:05:43.8730;2;;2;office;1;0;0;
out;2018-04-25 18:02:25.9470;0;;;;;;;
in;2018-04-25 18:40:23.5360;4;;4;travel;1;0;0;
out;2018-04-25 18:56:00.0000;0;;;;;;;
in;2018-04-26 09:13:55.0270;4;;4;travel;1;0;0;
out;2018-04-26 09:49:19.6900;0;;;;;;;
in;2018-04-26 09:52:51.7120;2;;2;office;1;0;0;
out;2018-04-26 15:03:40.6490;0;;;;;;;
in;2018-04-26 15:21:28.6530;4;;4;travel;1;0;0;
out;2018-04-26 16:02:55.7020;0;;;;;;;
in;2018-04-27 09:36:06.3570;6;;6;mobile;1;0;0;
out;2018-04-27 10:45:20.3570;0;;;;;;;
in;2018-04-27 11:16:31.7120;6;;6;mobile;1;0;0;
out;2018-04-27 12:20:48.3260;0;;;;;;;
in;2018-04-27 12:51:17.5300;6;;6;mobile;1;0;0;
out;2018-04-27 13:07:09.4460;0;;;;;;;
in;2018-04-28 10:09:17.1400;6;;6;mobile;1;0;0;
out;2018-04-28 11:50:35.2560;0;;;;;;;
in;2018-04-28 12:07:48.4290;6;;6;mobile;1;0;0;
out;2018-04-28 12:35:54.2320;0;;;;;;;
in;2018-05-02 10:19:50.5780;6;;6;mobile;1;0;0;
out;2018-05-02 13:02:23.1560;0;;;;;;;
in;2018-05-02 13:41:35.6850;6;;6;mobile;1;0;0;
out;2018-05-02 13:44:14.0850;0;;;;;;;
in;2018-05-02 14:03:53.9030;6;;6;mobile;1;0;0;
out;2018-05-02 16:02:00.0000;0;;;;;;;
in;2018-05-02 17:00:00.7870;6;;6;mobile;1;0;0;
out;2018-05-02 18:25:58.5330;0;;;;;;;
in;2018-05-03 08:13:52.2820;4;;4;travel;1;0;0;
out;2018-05-03 08:51:48.2670;0;;;;;;;
in;2018-05-03 08:55:39.0230;2;;2;office;1;0;0;
out;2018-05-03 15:40:48.4850;0;;;;;;;
in;2018-05-03 15:43:46.6010;4;;4;travel;1;0;0;
out;2018-05-03 16:38:28.7830;0;;;;;;;
in;2018-05-04 08:23:10.8150;4;;4;travel;1;0;0;
out;2018-05-04 09:17:42.8190;0;;;;;;;
in;2018-05-04 09:22:33.9940;2;;2;office;1;0;0;
out;2018-05-04 15:03:14.0940;0;;;;;;;
in;2018-05-04 15:16:19.7030;4;;4;travel;1;0;0;
out;2018-05-04 16:01:54.3250;0;;;;;;;
in;2018-05-05 22:47:59.9590;6;;6;mobile;1;0;0;
out;2018-05-05 23:08:04.0930;0;;;;;;;
in;2018-05-06 10:24:45.6690;6;;6;mobile;1;0;0;
out;2018-05-06 11:25:00.0720;0;;;;;;;
in;2018-05-06 13:56:32.7060;6;;6;mobile;1;0;0;
out;2018-05-06 16:01:03.7970;0;;;;;;;
in;2018-05-09 07:50:16.8290;6;;6;mobile;1;0;0;
in;2018-05-07 09:00:00.0000;5;;5;hackathon;1;0;0;
out;2018-05-07 17:00:00.0000;0;;;;;;;
in;2018-05-08 09:00:00.0000;5;;5;hackathon;1;0;0;
out;2018-05-08 17:00:00.0000;0;;;;;;;
out;2018-05-09 09:04:05.2360;0;;;;;;;
in;2018-05-09 09:11:00.0000;2;;2;office;1;0;0;
out;2018-05-09 18:07:44.8130;0;;;;;;;
in;2018-05-09 18:13:53.7650;4;;4;travel;1;0;0;
out;2018-05-09 18:59:06.0800;0;;;;;;;
in;2018-05-14 08:02:55.7600;6;;6;mobile;1;0;0;
out;2018-05-14 08:38:52.2010;0;;;;;;;
in;2018-05-14 09:40:00.0000;5;;5;hackathon;1;0;0;
out;2018-05-14 11:44:57.5630;0;;;;;;;
in;2018-05-14 12:05:00.0000;5;;5;hackathon;1;0;0;
out;2018-05-14 18:29:44.2570;0;;;;;;;
in;2018-05-15 08:56:00.0000;5;;5;hackathon;1;0;0;
out;2018-05-15 18:31:00.0000;0;;;;;;;
in;2018-05-16 09:05:00.0000;5;;5;hackathon;1;0;0;
out;2018-05-16 12:35:00.0000;0;;;;;;;
in;2018-05-16 14:20:00.0000;5;;5;hackathon;1;0;0;
out;2018-05-16 16:35:00.0000;0;;;;;;;
in;2018-05-16 17:03:12.3180;6;;6;mobile;1;0;0;
out;2018-05-16 18:05:36.7260;0;;;;;;;
in;2018-05-16 19:14:00.0000;6;;6;mobile;1;0;0;
out;2018-05-16 19:28:00.0000;0;;;;;;;
in;2018-05-16 20:00:00.0000;6;;6;mobile;1;0;0;
out;2018-05-16 20:12:00.0000;0;;;;;;;
in;2018-05-16 20:31:00.0000;6;;6;mobile;1;0;0;
out;2018-05-16 21:21:00.0000;0;;;;;;;
in;2018-05-16 21:43:00.0000;6;;6;mobile;1;0;0;
out;2018-05-16 21:52:50.5440;0;;;;;;;
in;2018-05-17 09:04:33.9640;4;;4;travel;1;0;0;
out;2018-05-17 09:29:04.3820;0;;;;;;;
in;2018-05-17 09:54:52.7090;2;;2;office;1;0;0;
out;2018-05-17 15:03:01.3600;0;;;;;;;
in;2018-05-18 09:11:01.5360;3;;3;home;1;0;0;
out;2018-05-18 13:44:15.0100;0;;;;;;;
in;2018-05-18 15:48:21.5230;6;;6;mobile;1;0;0;
out;2018-05-18 16:01:55.0410;0;;;;;;;
in;2018-05-18 18:19:37.5250;3;;3;home;1;0;0;
out;2018-05-18 18:46:39.5550;0;;;;;;;
in;2018-05-23 09:11:22.3090;3;;3;home;1;0;0;
out;2018-05-23 09:15:22.4740;0;;;;;;;
in;2018-05-23 10:15:54.1550;3;;3;home;1;0;0;
out;2018-05-23 10:54:13.0850;0;;;;;;;
in;2018-05-23 11:11:02.9650;3;;3;home;1;0;0;
out;2018-05-23 12:27:12.9790;0;;;;;;;
in;2018-05-23 14:32:22.2280;3;;3;home;1;0;0;
out;2018-05-23 15:35:11.5790;0;;;;;;;
in;2018-05-23 17:00:29.0010;3;;3;home;1;0;0;
out;2018-05-23 19:11:15.1750;0;;;;;;;
in;2018-05-24 09:08:58.9650;4;;4;travel;1;0;0;
out;2018-05-24 09:25:58.6260;0;;;;;;;
in;2018-05-24 09:37:18.5630;2;;2;office;1;0;0;
out;2018-05-24 10:05:24.2620;0;;;;;;;
in;2018-05-24 10:30:00.0000;2;;2;office;1;0;0;
out;2018-05-24 17:08:58.3330;0;;;;;;;
in;2018-05-24 17:50:32.2860;4;;4;travel;1;0;0;
out;2018-05-24 18:35:27.7540;0;;;;;;;
in;2018-05-25 09:00:34.7180;4;;4;travel;1;0;0;
out;2018-05-25 09:48:43.6770;0;;;;;;;
in;2018-05-25 09:53:01.6430;2;;2;office;1;0;0;
out;2018-05-25 14:26:48.1270;0;;;;;;;
in;2018-05-25 14:58:32.0960;2;;2;office;1;0;0;
out;2018-05-25 18:07:34.1130;0;;;;;;;
in;2018-05-25 18:47:54.3940;4;;4;travel;1;0;0;
out;2018-05-25 19:04:07.6670;0;;;;;;;
in;2018-05-28 09:11:52.5200;4;;4;travel;1;0;0;
out;2018-05-28 09:56:02.0340;0;;;;;;;
in;2018-05-28 10:04:48.3560;2;;2;office;1;0;0;
out;2018-05-28 17:37:48.0170;0;;;;;;;
in;2018-05-28 17:59:17.9430;4;;4;travel;1;0;0;
out;2018-05-28 18:39:56.6830;0;;;;;;;
in;2018-05-29 09:22:02.1160;3;;3;home;1;0;0;
out;2018-05-29 09:50:40.8130;0;;;;;;;
in;2018-05-29 10:24:13.9720;3;;3;home;1;0;0;
out;2018-05-29 10:59:35.3970;0;;;;;;;
in;2018-05-29 13:50:18.4860;3;;3;home;1;0;0;
out;2018-05-29 15:53:53.1630;0;;;;;;;
in;2018-05-29 16:25:45.4440;3;;3;home;1;0;0;
out;2018-05-29 17:01:37.7960;0;;;;;;;
in;2018-05-29 17:18:33.4380;3;;3;home;1;0;0;
out;2018-05-29 17:51:26.1250;0;;;;;;;
in;2018-05-29 20:43:54.7140;3;;3;home;1;0;0;
out;2018-05-29 23:06:43.1030;0;;;;;;;
in;2018-05-30 09:04:12.5550;4;;4;travel;1;0;0;
out;2018-05-30 09:52:38.2240;0;;;;;;;
in;2018-05-30 09:57:43.3480;2;;2;office;1;0;0;
out;2018-05-30 17:06:09.9470;0;;;;;;;
in;2018-05-30 17:30:18.0430;4;;4;travel;1;0;0;
out;2018-05-30 18:01:55.1330;0;;;;;;;
in;2018-05-30 19:56:47.1710;3;;3;home;1;0;0;
out;2018-05-30 20:03:37.8270;0;;;;;;;
in;2018-05-31 08:41:08.0890;4;;4;travel;1;0;0;
out;2018-05-31 09:18:58.9040;0;;;;;;;
in;2018-05-31 09:23:55.8650;2;;2;office;1;0;0;
out;2018-05-31 15:38:09.4290;0;;;;;;;
in;2018-05-31 15:42:51.0040;4;;4;travel;1;0;0;
out;2018-05-31 16:35:55.4880;0;;;;;;;
in;2018-06-01 09:24:50.0120;4;;4;travel;1;0;0;
out;2018-06-01 09:49:32.4830;0;;;;;;;
in;2018-06-01 09:56:00.0000;2;;2;office;1;0;0;
out;2018-06-01 16:25:19.8410;0;;;;;;;
in;2018-06-01 16:48:33.4720;4;;4;travel;1;0;0;
out;2018-06-01 17:05:00.0000;0;;;;;;;
in;2018-06-04 09:06:54.7180;6;;6;mobile;1;0;0;
out;2018-06-04 09:18:57.2810;0;;;;;;;
in;2018-06-04 10:01:35.8230;3;;3;home;1;0;0;
out;2018-06-04 10:26:11.5570;0;;;;;;;
in;2018-06-04 12:07:19.1250;4;;4;travel;1;0;0;
out;2018-06-04 12:48:25.6040;0;;;;;;;
in;2018-06-04 12:53:00.0000;2;;2;office;1;0;0;
out;2018-06-04 17:05:15.1820;0;;;;;;;
in;2018-06-04 17:14:11.2070;4;;4;travel;1;0;0;
out;2018-06-04 18:02:45.8750;0;;;;;;;
in;2018-06-05 08:59:24.6590;4;;4;travel;1;0;0;
out;2018-06-05 09:48:47.7480;0;;;;;;;
in;2018-06-05 09:55:52.0800;2;;2;office;1;0;0;
out;2018-06-05 17:09:05.3870;0;;;;;;;
in;2018-06-05 17:29:11.9050;4;;4;travel;1;0;0;
out;2018-06-05 18:06:21.6770;0;;;;;;;
in;2018-06-06 09:06:02.7490;4;;4;travel;1;0;0;
out;2018-06-06 10:44:13.7720;0;;;;;;;
in;2018-06-06 12:42:34.0720;2;;2;office;1;0;0;
out;2018-06-06 17:34:09.6030;0;;;;;;;
in;2018-06-06 18:27:42.6910;4;;4;travel;1;0;0;
out;2018-06-06 18:33:21.0470;0;;;;;;;
in;2018-06-07 09:02:18.7700;4;;4;travel;1;0;0;
out;2018-06-07 09:49:55.9600;0;;;;;;;
in;2018-06-07 09:54:59.8220;2;;2;office;1;0;0;
out;2018-06-07 14:09:15.3150;0;;;;;;;
in;2018-06-07 14:17:02.4540;4;;4;travel;1;0;0;
out;2018-06-07 14:57:43.0590;0;;;;;;;
in;2018-06-08 08:59:28.4770;3;;3;home;1;0;0;
out;2018-06-08 09:06:09.3020;0;;;;;;;
in;2018-06-08 09:54:33.1940;3;;3;home;1;0;0;
out;2018-06-08 09:55:46.6100;0;;;;;;;
in;2018-06-08 11:04:00.0000;4;;4;travel;1;0;0;
out;2018-06-08 11:48:52.1530;0;;;;;;;
in;2018-06-08 11:52:11.1080;2;;2;office;1;0;0;
out;2018-06-08 15:08:00.0000;0;;;;;;;
in;2018-06-08 15:38:20.1890;4;;4;travel;1;0;0;
out;2018-06-08 15:57:32.8390;0;;;;;;;
in;2018-06-11 08:30:43.5860;4;;4;travel;1;0;0;
out;2018-06-11 09:20:00.0000;0;;;;;;;
in;2018-06-11 09:30:51.3360;2;;2;office;1;0;0;
out;2018-06-11 18:40:53.2820;0;;;;;;;
in;2018-06-12 07:46:10.3950;6;;6;mobile;1;0;0;
out;2018-06-12 09:02:20.4800;0;;;;;;;
in;2018-06-12 09:19:14.2810;6;;6;mobile;1;0;0;
out;2018-06-12 17:01:42.9770;0;;;;;;;
in;2018-06-13 09:26:09.9620;6;;6;mobile;1;0;0;
out;2018-06-13 10:19:34.2460;0;;;;;;;
in;2018-06-13 10:54:48.2230;6;;6;mobile;1;0;0;
out;2018-06-13 19:00:40.7040;0;;;;;;;
in;2018-06-14 09:19:07.3390;4;;4;travel;1;0;0;
out;2018-06-14 10:17:14.1210;0;;;;;;;
in;2018-06-14 10:27:28.1680;2;;2;office;1;0;0;
out;2018-06-14 15:04:35.1830;0;;;;;;;
in;2018-06-14 15:22:12.8490;4;;4;travel;1;0;0;
out;2018-06-14 16:01:58.0930;0;;;;;;;
in;2018-06-15 08:26:39.6540;4;;4;travel;1;0;0;
out;2018-06-15 09:18:11.8670;0;;;;;;;
in;2018-06-15 09:23:32.0460;2;;2;office;1;0;0;
out;2018-06-15 11:51:43.7120;0;;;;;;;
in;2018-06-15 12:51:35.7820;6;;6;mobile;1;0;0;
out;2018-06-15 15:02:20.9220;0;;;;;;;
in;2018-06-18 09:30:40.7880;6;;6;mobile;1;0;0;
out;2018-06-18 09:37:06.9300;0;;;;;;;
in;2018-06-18 10:10:42.1380;6;;6;mobile;1;0;0;
out;2018-06-18 10:23:04.9400;0;;;;;;;
in;2018-06-18 11:36:50.8750;6;;6;mobile;1;0;0;
out;2018-06-18 11:41:20.0940;0;;;;;;;
in;2018-06-18 12:38:00.0000;2;;2;office;1;0;0;
out;2018-06-18 16:48:54.2660;0;;;;;;;
in;2018-06-18 17:13:10.5060;4;;4;travel;1;0;0;
out;2018-06-18 17:57:41.0590;0;;;;;;;
in;2018-06-19 08:25:33.2690;4;;4;travel;1;0;0;
out;2018-06-19 09:19:18.6360;0;;;;;;;
in;2018-06-19 09:25:19.3000;3;;3;home;1;0;0;
out;2018-06-19 15:52:14.7080;0;;;;;;;
in;2018-06-19 16:00:06.9300;2;;2;office;1;0;0;
out;2018-06-19 17:49:51.5560;0;;;;;;;
in;2018-06-19 17:59:15.5890;4;;4;travel;1;0;0;
out;2018-06-19 18:34:08.7490;0;;;;;;;
in;2018-06-20 09:34:48.5440;4;;4;travel;1;0;0;
out;2018-06-20 09:40:41.4180;0;;;;;;;
in;2018-06-20 09:53:11.6180;2;;2;office;1;0;0;
out;2018-06-20 16:14:44.4630;0;;;;;;;
in;2018-06-20 16:24:29.7750;4;;4;travel;1;0;0;
out;2018-06-20 17:06:48.7760;0;;;;;;;
in;2018-06-21 08:26:34.9910;4;;4;travel;1;0;0;
out;2018-06-21 09:22:00.0000;0;;;;;;;
in;2018-06-21 09:28:00.0000;2;;2;office;1;0;0;
out;2018-06-21 17:55:00.0000;0;;;;;;;
in;2018-06-21 22:44:53.2800;4;;4;travel;1;0;0;
out;2018-06-21 22:54:00.6810;0;;;;;;;
in;2018-06-22 10:01:58.6550;3;;3;home;1;0;0;
out;2018-06-22 11:11:52.5120;0;;;;;;;
in;2018-06-22 12:25:53.7070;3;;3;home;1;0;0;
out;2018-06-22 15:10:10.9250;0;;;;;;;
in;2018-06-22 17:40:00.0000;3;;3;home;1;0;0;
out;2018-06-22 18:54:36.0870;0;;;;;;;
in;2018-06-25 09:10:07.7460;4;;4;travel;1;0;0;
out;2018-06-25 09:50:20.3950;0;;;;;;;
in;2018-06-25 09:53:41.0770;2;;2;office;1;0;0;
out;2018-06-25 17:40:41.7600;0;;;;;;;
in;2018-06-25 18:32:40.6710;4;;4;travel;1;0;0;
out;2018-06-25 18:59:08.5290;0;;;;;;;
in;2018-06-26 08:25:24.0730;4;;4;travel;1;0;0;
out;2018-06-26 09:29:17.3050;0;;;;;;;
in;2018-06-26 10:55:37.0090;2;;2;office;1;0;0;
out;2018-06-26 17:37:29.9550;0;;;;;;;
in;2018-06-26 18:13:59.4060;4;;4;travel;1;0;0;
out;2018-06-26 18:34:01.3900;0;;;;;;;
in;2018-06-27 09:24:18.2900;4;;4;travel;1;0;0;
out;2018-06-27 16:13:38.3160;0;;;;;;;
in;2018-06-28 09:03:43.3740;4;;4;travel;1;0;0;
out;2018-06-28 09:39:24.9060;0;;;;;;;
in;2018-06-28 09:56:58.8180;2;;2;office;1;0;0;
out;2018-06-28 15:07:15.8120;0;;;;;;;
in;2018-06-28 15:17:59.4300;4;;4;travel;1;0;0;
out;2018-06-28 16:01:43.9640;0;;;;;;;
in;2018-06-29 10:19:44.8270;3;;3;home;1;0;0;
out;2018-06-29 17:42:48.9040;0;;;;;;;
in;2018-06-30 21:14:26.8420;3;;3;home;1;0;0;
out;2018-06-30 21:35:21.5070;0;;;;;;;
in;2018-07-02 08:31:32.7250;4;;4;travel;1;0;0;
out;2018-07-02 09:18:00.0000;0;;;;;;;
in;2018-07-02 09:23:47.8270;2;;2;office;1;0;0;
out;2018-07-02 17:05:00.0000;0;;;;;;;
in;2018-07-03 08:43:35.2130;3;;3;home;1;0;0;
out;2018-07-03 08:47:15.1890;0;;;;;;;
in;2018-07-03 09:45:10.2280;6;;6;mobile;1;0;0;
out;2018-07-03 09:54:33.8640;0;;;;;;;
in;2018-07-03 10:01:21.8670;6;;6;mobile;1;0;0;
out;2018-07-03 11:00:00.0000;0;;;;;;;
in;2018-07-03 11:15:00.0000;6;;6;mobile;1;0;0;
out;2018-07-03 15:06:13.8900;0;;;;;;;
in;2018-07-04 08:06:33.0180;6;;6;mobile;1;0;0;
out;2018-07-04 10:55:21.7860;0;;;;;;;
in;2018-07-04 11:01:00.0000;2;;2;office;1;0;0;
out;2018-07-04 17:42:54.4100;0;;;;;;;
in;2018-07-04 18:31:24.6850;4;;4;travel;1;0;0;
out;2018-07-04 18:57:48.1810;0;;;;;;;
in;2018-07-05 09:03:48.7660;4;;4;travel;1;0;0;
out;2018-07-05 09:48:41.8160;0;;;;;;;
in;2018-07-05 09:55:55.8800;2;;2;office;1;0;0;
out;2018-07-05 14:00:44.4710;0;;;;;;;
in;2018-07-05 15:52:08.3580;2;;2;office;1;0;0;
out;2018-07-05 16:05:48.7210;0;;;;;;;
in;2018-07-05 16:10:48.3450;4;;4;travel;1;0;0;
out;2018-07-05 17:01:35.7820;0;;;;;;;
in;2018-07-06 09:01:34.1580;4;;4;travel;1;0;0;
out;2018-07-06 09:50:57.5610;0;;;;;;;
in;2018-07-06 09:55:00.0000;2;;2;office;1;0;0;
out;2018-07-06 19:28:36.8920;0;;;;;;;
in;2018-07-06 19:45:14.9000;4;;4;travel;1;0;0;
out;2018-07-06 20:11:56.8940;0;;;;;;;
in;2018-07-09 09:20:32.1560;4;;4;travel;1;0;0;
out;2018-07-09 10:20:53.2150;0;;;;;;;
in;2018-07-09 10:33:03.7510;2;;2;office;1;0;0;
out;2018-07-09 17:40:41.6670;0;;;;;;;
in;2018-07-10 09:05:19.7160;4;;4;travel;1;0;0;
out;2018-07-10 09:19:00.0000;0;;;;;;;
in;2018-07-10 09:25:06.4760;2;;2;office;1;0;0;
out;2018-07-10 17:20:00.0000;0;;;;;;;
in;2018-07-10 18:03:46.6930;4;;4;travel;1;0;0;
out;2018-07-10 18:31:13.9980;0;;;;;;;
in;2018-07-11 09:01:47.6660;4;;4;travel;1;0;0;
out;2018-07-11 09:50:33.6120;0;;;;;;;
in;2018-07-11 10:03:34.7580;2;;2;office;1;0;0;
out;2018-07-11 17:03:12.6310;0;;;;;;;
in;2018-07-11 17:23:54.2830;4;;4;travel;1;0;0;
out;2018-07-11 17:58:44.1970;0;;;;;;;
in;2018-07-12 08:23:40.4920;4;;4;travel;1;0;0;
out;2018-07-12 09:11:36.3520;0;;;;;;;
in;2018-07-12 10:00:00.0000;2;;2;office;1;0;0;
out;2018-07-12 17:42:00.0000;0;;;;;;;
in;2018-07-13 09:03:16.9550;4;;4;travel;1;0;0;
out;2018-07-13 10:07:25.7520;0;;;;;;;
in;2018-07-13 10:25:00.0000;5;;5;hackathon;1;0;0;
out;2018-07-13 17:37:00.0000;0;;;;;;;
in;2018-07-13 18:47:01.6550;2;;2;office;1;0;0;
out;2018-07-13 20:03:58.9100;0;;;;;;;
in;2018-07-13 20:18:18.5850;4;;4;travel;1;0;0;
out;2018-07-13 20:40:00.0000;0;;;;;;;
in;2018-07-16 09:25:01.9080;4;;4;travel;1;0;0;
out;2018-07-16 10:19:30.6910;0;;;;;;;
in;2018-07-16 10:24:29.4220;2;;2;office;1;0;0;
out;2018-07-16 17:41:14.5490;0;;;;;;;
in;2018-07-17 08:28:54.7800;4;;4;travel;1;0;0;
out;2018-07-17 09:20:30.3110;0;;;;;;;
in;2018-07-17 09:28:00.7020;2;;2;office;1;0;0;
out;2018-07-17 16:13:26.6160;0;;;;;;;
in;2018-07-17 16:16:48.0180;4;;4;travel;1;0;0;
out;2018-07-17 16:57:58.8470;0;;;;;;;
in;2018-07-17 17:41:39.1830;4;;4;travel;1;0;0;
out;2018-07-17 17:58:52.1570;0;;;;;;;
in;2018-07-18 09:59:35.7010;4;;4;travel;1;0;0;
out;2018-07-18 10:52:40.3880;0;;;;;;;
in;2018-07-18 10:56:23.8370;2;;2;office;1;0;0;
out;2018-07-18 16:13:31.6290;0;;;;;;;
in;2018-07-18 16:19:57.0370;4;;4;travel;1;0;0;
out;2018-07-18 16:43:01.4500;0;;;;;;;
in;2018-07-18 16:56:15.1110;4;;4;travel;1;0;0;
out;2018-07-18 17:32:56.7270;0;;;;;;;
in;2018-07-18 18:58:41.6320;3;;3;home;1;0;0;
out;2018-07-18 19:15:51.0970;0;;;;;;;
in;2018-07-19 08:35:26.3040;4;;4;travel;1;0;0;
out;2018-07-19 08:53:00.0000;0;;;;;;;
in;2018-07-19 08:57:16.3730;2;;2;office;1;0;0;
out;2018-07-19 14:01:29.3600;0;;;;;;;
in;2018-07-19 14:10:45.7090;4;;4;travel;1;0;0;
out;2018-07-19 14:57:25.3610;0;;;;;;;
in;2018-07-20 10:27:37.7770;3;;3;home;1;0;0;
out;2018-07-20 11:41:00.0000;0;;;;;;;
in;2018-07-20 12:26:47.1120;3;;3;home;1;0;0;
out;2018-07-20 13:08:44.4250;0;;;;;;;
in;2018-07-20 13:39:02.1530;3;;3;home;1;0;0;
out;2018-07-20 14:51:30.6490;0;;;;;;;
in;2018-07-20 15:09:10.6340;3;;3;home;1;0;0;
out;2018-07-20 19:30:00.0000;0;;;;;;;
in;2018-07-23 08:06:24.6610;3;;3;home;1;0;0;
out;2018-07-23 08:36:16.5370;0;;;;;;;
in;2018-07-23 09:11:02.6820;4;;4;travel;1;0;0;
out;2018-07-23 09:48:50.4750;0;;;;;;;
in;2018-07-23 09:54:06.1070;2;;2;office;1;0;0;
out;2018-07-23 17:04:19.8090;0;;;;;;;
in;2018-07-23 17:11:39.0400;4;;4;travel;1;0;0;
out;2018-07-23 17:59:03.3640;0;;;;;;;
in;2018-07-24 08:29:44.8720;3;;3;home;1;0;0;
out;2018-07-24 08:46:30.0840;0;;;;;;;
in;2018-07-24 08:59:16.9050;4;;4;travel;1;0;0;
out;2018-07-24 09:55:56.0030;0;;;;;;;
in;2018-07-24 09:59:01.6080;2;;2;office;1;0;0;
out;2018-07-24 17:11:15.8360;0;;;;;;;
in;2018-07-24 17:15:52.4270;4;;4;travel;1;0;0;
out;2018-07-24 18:05:22.0950;0;;;;;;;
in;2018-07-25 09:30:00.0000;3;;3;home;1;0;0;
out;2018-07-25 11:21:44.5810;0;;;;;;;
in;2018-07-25 13:11:20.1610;3;;3;home;1;0;0;
out;2018-07-25 17:47:28.8640;0;;;;;;;
in;2018-07-26 08:25:46.4100;4;;4;travel;1;0;0;
out;2018-07-26 09:20:16.7340;0;;;;;;;
in;2018-07-26 09:23:42.8950;2;;2;office;1;0;0;
out;2018-07-26 14:37:46.5150;0;;;;;;;
in;2018-07-26 14:47:10.4290;4;;4;travel;1;0;0;
out;2018-07-26 15:36:00.0000;0;;;;;;;
in;2018-07-27 10:02:46.1940;4;;4;travel;1;0;0;
out;2018-07-27 10:52:23.7360;0;;;;;;;
in;2018-07-27 11:02:34.9580;2;;2;office;1;0;0;
out;2018-07-27 14:38:43.0800;0;;;;;;;
in;2018-07-27 15:48:24.8700;5;;5;hackathon;1;0;0;
out;2018-07-27 20:00:00.0000;0;;;;;;;
in;2018-07-30 08:32:08.0600;4;;4;travel;1;0;0;
out;2018-07-30 09:22:04.7130;0;;;;;;;
in;2018-07-30 09:25:48.6810;2;;2;office;1;0;0;
out;2018-07-30 17:07:59.4240;0;;;;;;;
in;2018-07-30 17:16:11.2020;4;;4;travel;1;0;0;
out;2018-07-30 18:00:04.2040;0;;;;;;;
in;2018-07-31 08:20:47.3860;3;;3;home;1;0;0;
out;2018-07-31 09:17:00.0000;0;;;;;;;
in;2018-07-31 10:53:39.1620;3;;3;home;1;0;0;
out;2018-07-31 11:00:31.6940;0;;;;;;;
in;2018-07-31 13:01:03.7150;3;;3;home;1;0;0;
out;2018-07-31 17:19:53.5280;0;;;;;;;
in;2018-07-31 20:55:03.7820;3;;3;home;1;0;0;
out;2018-07-31 20:58:34.6180;0;;;;;;;
in;2018-08-01 09:04:35.3370;4;;4;travel;1;0;0;
out;2018-08-01 09:49:29.2680;0;;;;;;;
in;2018-08-01 09:53:27.6340;2;;2;office;1;0;0;
out;2018-08-01 16:34:30.5100;0;;;;;;;
in;2018-08-01 16:46:16.2250;4;;4;travel;1;0;0;
out;2018-08-01 17:37:32.2820;0;;;;;;;
in;2018-08-02 08:30:15.9520;4;;4;travel;1;0;0;
out;2018-08-02 09:15:00.0000;0;;;;;;;
in;2018-08-02 09:43:52.8300;2;;2;office;1;0;0;
out;2018-08-02 16:43:13.0480;0;;;;;;;
in;2018-08-02 17:58:50.9860;4;;4;travel;1;0;0;
out;2018-08-02 19:01:57.5930;0;;;;;;;
in;2018-08-06 08:23:30.8690;4;;4;travel;1;0;0;
out;2018-08-06 09:21:52.2930;0;;;;;;;
in;2018-08-06 09:36:34.5600;2;;2;office;1;0;0;
out;2018-08-06 17:58:27.6600;0;;;;;;;
in;2018-08-06 18:23:29.8650;4;;4;travel;1;0;0;
out;2018-08-06 18:57:19.5030;0;;;;;;;
in;2018-08-07 09:29:11.1730;4;;4;travel;1;0;0;
out;2018-08-07 10:18:47.0710;0;;;;;;;
in;2018-08-07 10:22:48.1750;2;;2;office;1;0;0;
out;2018-08-07 17:38:16.3510;0;;;;;;;
in;2018-08-07 17:45:15.9580;4;;4;travel;1;0;0;
out;2018-08-07 18:34:04.2620;0;;;;;;;
in;2018-08-08 08:59:53.3660;4;;4;travel;1;0;0;
out;2018-08-08 09:52:29.8470;0;;;;;;;
in;2018-08-08 09:54:55.1480;2;;2;office;1;0;0;
out;2018-08-08 16:37:16.4720;0;;;;;;;
in;2018-08-08 16:48:00.0000;4;;4;travel;1;0;0;
out;2018-08-08 17:32:41.0950;0;;;;;;;
in;2018-08-09 08:55:00.0000;3;;3;home;1;0;0;
out;2018-08-09 09:48:48.0410;0;;;;;;;
out;2018-08-09 16:03:00.0000;0;;;;;;;
out;2018-08-09 10:49:29.8250;0;;;;;;;
in;2018-08-09 09:54:00.0000;4;;4;travel;1;0;0;
in;2018-08-09 10:56:00.0000;2;;2;office;1;0;0;
in;2018-08-09 16:57:00.0000;4;;4;travel;1;0;0;
out;2018-08-09 17:53:17.8340;0;;;;;;;
in;2018-08-10 08:26:00.0000;6;;6;mobile;1;0;0;
out;2018-08-10 08:46:35.5450;0;;;;;;;
in;2018-08-10 09:12:47.7350;6;;6;mobile;1;0;0;
out;2018-08-10 10:03:01.0520;0;;;;;;;
in;2018-08-10 10:37:00.0000;6;;6;mobile;1;0;0;
out;2018-08-10 10:47:14.3260;0;;;;;;;
in;2018-08-10 14:46:35.6310;6;;6;mobile;1;0;0;
out;2018-08-10 15:09:51.0670;0;;;;;;;
in;2018-08-10 16:23:48.9270;6;;6;mobile;1;0;0;
out;2018-08-10 17:35:14.9810;0;;;;;;;
in;2018-08-10 21:40:00.0000;3;;3;home;1;0;0;
out;2018-08-10 23:46:25.8280;0;;;;;;;
in;2018-08-20 08:07:01.1210;4;;4;travel;1;0;0;
out;2018-08-20 08:50:40.9620;0;;;;;;;
in;2018-08-20 09:02:19.4730;2;;2;office;1;0;0;
out;2018-08-20 16:06:43.9750;0;;;;;;;
in;2018-08-20 16:34:14.5950;4;;4;travel;1;0;0;
out;2018-08-20 17:06:22.0390;0;;;;;;;
in;2018-08-21 08:29:23.1040;6;;6;mobile;1;0;0;
out;2018-08-21 09:27:00.0000;0;;;;;;;
in;2018-08-21 10:02:09.4340;6;;6;mobile;1;0;0;
out;2018-08-21 11:55:16.9030;0;;;;;;;
in;2018-08-21 12:16:53.5320;6;;6;mobile;1;0;0;
out;2018-08-21 18:00:00.0000;0;;;;;;;
in;2018-08-22 08:50:31.4320;6;;6;mobile;1;0;0;
out;2018-08-22 12:04:44.3470;0;;;;;;;
in;2018-08-22 12:10:28.0110;2;;2;office;1;0;0;
out;2018-08-22 16:07:10.1430;0;;;;;;;
in;2018-08-22 16:49:38.7910;4;;4;travel;1;0;0;
out;2018-08-22 17:00:00.0000;0;;;;;;;
in;2018-08-23 08:39:02.6080;4;;4;travel;1;0;0;
out;2018-08-23 09:18:41.6900;0;;;;;;;
in;2018-08-23 09:23:15.3740;2;;2;office;1;0;0;
out;2018-08-23 16:06:53.8180;0;;;;;;;
in;2018-08-23 16:17:55.1460;4;;4;travel;1;0;0;
out;2018-08-23 16:56:46.1380;0;;;;;;;
in;2018-08-24 09:37:32.4300;3;;3;home;1;0;0;
out;2018-08-24 13:48:58.5500;0;;;;;;;
in;2018-08-24 14:48:15.3020;3;;3;home;1;0;0;
out;2018-08-24 14:53:18.9450;0;;;;;;;
in;2018-08-27 09:34:59.8980;4;;4;travel;1;0;0;
out;2018-08-27 10:10:00.0000;0;;;;;;;
in;2018-08-27 10:23:35.4030;2;;2;office;1;0;0;
out;2018-08-27 17:29:02.2580;0;;;;;;;
in;2018-08-28 08:26:21.2690;6;;6;mobile;1;0;0;
out;2018-08-28 08:51:13.4190;0;;;;;;;
in;2018-08-28 09:54:16.0320;6;;6;mobile;1;0;0;
out;2018-08-28 11:40:02.8710;0;;;;;;;
in;2018-08-28 16:06:20.8760;3;;3;home;1;0;0;
out;2018-08-28 17:08:48.9580;0;;;;;;;
in;2018-08-28 18:59:59.5200;3;;3;home;1;0;0;
out;2018-08-28 19:02:00.0000;0;;;;;;;
in;2018-08-29 09:30:00.0000;4;;4;travel;1;0;0;
out;2018-08-29 10:31:00.0000;0;;;;;;;
in;2018-08-29 10:44:00.0000;7;;7;schulung;1;0;0;
out;2018-08-29 18:32:00.0000;0;;;;;;;
in;2018-08-29 22:52:00.0000;4;;4;travel;1;0;0;
out;2018-08-29 23:37:56.5820;0;;;;;;;
in;2018-08-30 07:26:52.6120;4;;4;travel;1;0;0;
out;2018-08-30 08:31:00.0000;0;;;;;;;
in;2018-08-30 09:00:00.0000;7;;7;schulung;1;0;0;
out;2018-08-30 17:22:00.0000;0;;;;;;;
in;2018-08-30 18:13:02.3850;4;;4;travel;1;0;0;
out;2018-08-30 18:34:00.0000;0;;;;;;;
in;2018-08-31 08:01:56.0860;4;;4;travel;1;0;0;
out;2018-08-31 09:00:00.0000;0;;;;;;;
in;2018-08-31 09:04:34.8680;7;;7;schulung;1;0;0;
out;2018-08-31 15:02:14.6070;0;;;;;;;
in;2018-08-31 15:55:44.8580;2;;2;office;1;0;0;
out;2018-08-31 17:43:04.9310;0;;;;;;;
in;2018-09-03 09:05:26.5980;3;;3;home;1;0;0;
out;2018-09-03 09:16:43.8350;0;;;;;;;
in;2018-09-03 12:00:01.8480;4;;4;travel;1;0;0;
out;2018-09-03 12:50:00.0000;0;;;;;;;
in;2018-09-03 13:00:01.8030;2;;2;office;1;0;0;
out;2018-09-03 17:37:11.2870;0;;;;;;;
in;2018-09-03 17:44:00.9720;4;;4;travel;1;0;0;
out;2018-09-03 18:34:16.0630;0;;;;;;;
in;2018-09-04 08:39:47.1980;4;;4;travel;1;0;0;
out;2018-09-04 09:22:00.0000;0;;;;;;;
in;2018-09-04 09:27:31.2330;2;;2;office;1;0;0;
out;2018-09-04 17:06:28.6030;0;;;;;;;
in;2018-09-04 17:23:57.5690;4;;4;travel;1;0;0;
out;2018-09-04 17:58:04.4700;0;;;;;;;
in;2018-09-05 09:26:34.4520;4;;4;travel;1;0;0;
out;2018-09-05 10:20:24.9950;0;;;;;;;
in;2018-09-05 10:23:06.6790;2;;2;office;1;0;0;
out;2018-09-05 17:09:39.8330;0;;;;;;;
in;2018-09-05 17:20:00.0000;4;;4;travel;1;0;0;
out;2018-09-05 18:04:35.2830;0;;;;;;;
in;2018-09-06 08:16:59.2080;4;;4;travel;1;0;0;
out;2018-09-06 08:47:00.2240;0;;;;;;;
in;2018-09-06 09:07:12.0030;6;;6;mobile;1;0;0;
out;2018-09-06 10:37:00.0000;0;;;;;;;
in;2018-09-06 10:38:00.0000;2;;2;office;1;0;0;
out;2018-09-06 17:13:08.3310;0;;;;;;;
in;2018-09-06 17:21:15.5100;4;;4;travel;1;0;0;
out;2018-09-06 17:56:45.2540;0;;;;;;;
in;2018-09-07 08:25:41.4450;4;;4;travel;1;0;0;
out;2018-09-07 09:20:00.0000;0;;;;;;;
in;2018-09-07 09:25:37.3380;2;;2;office;1;0;0;
out;2018-09-07 15:58:56.6110;0;;;;;;;
in;2018-09-07 16:15:24.0620;4;;4;travel;1;0;0;
out;2018-09-07 16:18:27.7400;0;;;;;;;
in;2018-09-10 08:27:36.2990;6;;6;mobile;1;0;0;
out;2018-09-10 08:37:49.6900;0;;;;;;;
in;2018-09-10 09:22:28.9310;6;;6;mobile;1;0;0;
out;2018-09-10 10:53:19.3310;0;;;;;;;
in;2018-09-10 11:07:00.0000;2;;2;office;1;0;0;
out;2018-09-10 17:09:49.1210;0;;;;;;;
in;2018-09-10 17:41:46.5810;4;;4;travel;1;0;0;
out;2018-09-10 18:30:45.3520;0;;;;;;;
in;2018-09-11 09:46:20.4500;3;;3;home;1;0;0;
out;2018-09-11 10:52:49.2590;0;;;;;;;
in;2018-09-11 11:43:03.5530;3;;3;home;1;0;0;
out;2018-09-11 12:34:20.1590;0;;;;;;;
in;2018-09-11 14:25:40.9840;3;;3;home;1;0;0;
out;2018-09-11 14:41:19.5440;0;;;;;;;
in;2018-09-11 16:49:23.4570;3;;3;home;1;0;0;
out;2018-09-11 18:25:35.8520;0;;;;;;;
in;2018-09-11 19:14:50.7910;3;;3;home;1;0;0;
out;2018-09-11 19:25:00.0000;0;;;;;;;
in;2018-09-11 21:05:19.8240;3;;3;home;1;0;0;
out;2018-09-11 21:14:30.1240;0;;;;;;;
in;2018-09-12 08:34:03.6480;4;;4;travel;1;0;0;
out;2018-09-12 09:20:48.6520;0;;;;;;;
in;2018-09-12 09:30:00.0000;2;;2;office;1;0;0;
out;2018-09-12 17:10:30.1040;0;;;;;;;
in;2018-09-12 17:17:00.0000;4;;4;travel;1;0;0;
out;2018-09-12 17:59:50.6470;0;;;;;;;
in;2018-09-13 08:24:36.5110;4;;4;travel;1;0;0;
out;2018-09-13 09:04:00.0000;0;;;;;;;
in;2018-09-13 10:00:00.0000;6;;6;mobile;1;0;0;
out;2018-09-13 14:21:00.0000;0;;;;;;;
in;2018-09-13 15:02:56.4870;2;;2;office;1;0;0;
out;2018-09-13 17:57:41.6500;0;;;;;;;
in;2018-09-13 19:12:18.5730;4;;4;travel;1;0;0;
out;2018-09-13 19:28:00.0000;0;;;;;;;
in;2018-09-14 08:23:03.6240;4;;4;travel;1;0;0;
out;2018-09-14 09:19:00.0000;0;;;;;;;
in;2018-09-14 09:23:00.5310;2;;2;office;1;0;0;
out;2018-09-14 17:03:08.7330;0;;;;;;;
in;2018-09-14 17:11:31.6420;4;;4;travel;1;0;0;
out;2018-09-14 17:34:37.7930;0;;;;;;;
in;2018-09-17 09:22:36.7880;2;;2;office;1;0;0;
out;2018-09-17 16:37:32.5170;0;;;;;;;
in;2018-09-17 16:44:16.2860;4;;4;travel;1;0;0;
out;2018-09-17 17:15:00.0000;0;;;;;;;
in;2018-09-18 08:10:00.0000;4;;4;travel;1;0;0;
out;2018-09-18 08:38:43.3660;0;;;;;;;
in;2018-09-18 09:00:00.0000;5;;5;hackathon;1;0;0;
out;2018-09-18 17:00:00.0000;0;;;;;;;
in;2018-09-18 18:26:00.0000;4;;4;travel;1;0;0;
out;2018-09-18 18:53:00.0000;0;;;;;;;
in;2018-09-19 09:21:56.1410;4;;4;travel;1;0;0;
out;2018-09-19 09:53:34.8080;0;;;;;;;
in;2018-09-19 09:58:10.8930;2;;2;office;1;0;0;
out;2018-09-19 16:46:41.1070;0;;;;;;;
in;2018-09-19 17:07:42.0030;5;;5;hackathon;1;0;0;
out;2018-09-19 19:49:15.0850;0;;;;;;;
in;2018-09-20 12:19:05.4580;4;;4;travel;1;0;0;
out;2018-09-20 12:50:33.4000;0;;;;;;;
in;2018-09-20 12:53:43.3290;2;;2;office;1;0;0;
out;2018-09-20 14:36:22.1290;0;;;;;;;
in;2018-09-20 14:58:51.0440;5;;5;hackathon;1;0;0;
out;2018-09-20 20:00:00.0000;0;;;;;;;
in;2018-09-21 11:13:04.0950;3;;3;home;1;0;0;
out;2018-09-21 11:46:44.3330;0;;;;;;;
in;2018-09-22 11:18:30.2820;6;;6;mobile;1;0;0;
out;2018-09-22 12:21:00.0000;0;;;;;;;
in;2018-09-24 08:47:55.3090;4;;4;travel;1;0;0;
out;2018-09-24 09:21:33.2910;0;;;;;;;
in;2018-09-24 09:23:44.6800;2;;2;office;1;0;0;
out;2018-09-24 18:37:51.7570;0;;;;;;;
in;2018-09-24 19:05:00.0000;5;;5;hackathon;1;0;0;
out;2018-09-24 20:45:00.0000;0;;;;;;;
in;2018-09-25 09:39:13.2270;3;;3;home;1;0;0;
out;2018-09-25 11:33:09.0620;0;;;;;;;
in;2018-09-25 12:00:00.0000;3;;3;home;1;0;0;
out;2018-09-25 12:19:25.7560;0;;;;;;;
in;2018-09-25 13:49:45.9140;3;;3;home;1;0;0;
out;2018-09-25 13:57:58.8830;0;;;;;;;
in;2018-09-25 15:33:34.7580;3;;3;home;1;0;0;
out;2018-09-25 18:22:34.9250;0;;;;;;;
in;2018-09-26 08:25:25.0000;4;;4;travel;1;0;0;
out;2018-09-26 09:18:00.0000;0;;;;;;;
in;2018-09-26 09:22:21.4330;2;;2;office;1;0;0;
out;2018-09-26 17:32:32.4130;0;;;;;;;
in;2018-09-26 17:40:30.7990;4;;4;travel;1;0;0;
out;2018-09-26 18:30:44.9520;0;;;;;;;
in;2018-09-27 08:35:00.0000;4;;4;travel;1;0;0;
out;2018-09-27 09:17:48.3010;0;;;;;;;
in;2018-09-27 09:22:11.1390;2;;2;office;1;0;0;
out;2018-09-27 17:38:29.5710;0;;;;;;;
in;2018-09-27 18:02:21.6120;4;;4;travel;1;0;0;
out;2018-09-27 18:33:19.0980;0;;;;;;;
in;2018-09-27 19:37:44.1550;3;;3;home;1;0;0;
out;2018-09-27 19:57:19.2010;0;;;;;;;
in;2018-09-28 09:06:44.4180;4;;4;travel;1;0;0;
out;2018-09-28 09:50:42.3520;0;;;;;;;
in;2018-09-28 09:53:28.2490;2;;2;office;1;0;0;
out;2018-09-28 15:05:00.0000;0;;;;;;;
in;2018-10-01 08:36:09.1070;4;;4;travel;1;0;0;
out;2018-10-01 09:20:35.0510;0;;;;;;;
in;2018-10-01 09:28:53.6890;2;;2;office;1;0;0;
out;2018-10-01 15:59:41.5980;0;;;;;;;
in;2018-10-01 16:16:36.0250;4;;4;travel;1;0;0;
out;2018-10-01 16:56:49.2400;0;;;;;;;
in;2018-10-02 08:27:58.8660;4;;4;travel;1;0;0;
out;2018-10-02 09:16:09.8400;0;;;;;;;
in;2018-10-02 09:29:00.0000;2;;2;office;1;0;0;
out;2018-10-02 17:59:36.5710;0;;;;;;;
in;2018-10-02 19:02:13.0790;4;;4;travel;1;0;0;
out;2018-10-02 19:39:00.0000;0;;;;;;;
in;2018-10-02 19:59:42.8880;3;;3;home;1;0;0;
out;2018-10-02 20:51:54.7050;0;;;;;;;
in;2018-10-04 08:59:34.4750;4;;4;travel;1;0;0;
out;2018-10-04 09:18:00.0000;0;;;;;;;
in;2018-10-04 09:25:00.0030;2;;2;office;1;0;0;
out;2018-10-04 16:08:10.8760;0;;;;;;;
in;2018-10-04 16:23:30.9980;4;;4;travel;1;0;0;
out;2018-10-04 16:59:00.0000;0;;;;;;;
in;2018-10-05 08:35:26.2740;3;;3;home;1;0;0;
out;2018-10-05 09:22:11.1980;0;;;;;;;
in;2018-10-05 10:10:08.1570;3;;3;home;1;0;0;
out;2018-10-05 12:56:45.9430;0;;;;;;;
in;2018-10-05 13:16:51.7560;3;;3;home;1;0;0;
out;2018-10-05 13:41:39.0900;0;;;;;;;
in;2018-10-05 13:48:31.4990;3;;3;home;1;0;0;
out;2018-10-05 13:55:16.5030;0;;;;;;;
in;2018-10-05 15:57:29.0610;1;;1;Default;1;0;1;
out;2018-10-05 16:02:58.3830;0;;;;;;;
in;2018-10-08 11:18:20.9250;3;;3;home;1;0;0;
out;2018-10-08 11:40:46.5160;0;;;;;;;
in;2018-10-08 12:10:20.0590;3;;3;home;1;0;0;
out;2018-10-08 12:57:31.3170;0;;;;;;;
in;2018-10-08 13:27:34.6640;3;;3;home;1;0;0;
out;2018-10-08 15:46:23.6580;0;;;;;;;
in;2018-10-08 15:48:36.1980;3;;3;home;1;0;0;
out;2018-10-08 16:05:39.5030;0;;;;;;;
in;2018-11-05 08:59:17.3270;4;;4;travel;1;0;0;
out;2018-11-05 09:20:35.1170;0;;;;;;;
in;2018-11-05 09:31:00.0000;2;;2;office;1;0;0;
out;2018-11-05 17:29:25.4130;0;;;;;;;
in;2018-11-05 19:50:15.5910;4;;4;travel;1;0;0;
out;2018-11-05 20:36:00.0000;0;;;;;;;
in;2018-11-06 09:17:13.6050;4;;4;travel;1;0;0;
out;2018-11-06 09:57:11.1120;0;;;;;;;
in;2018-11-06 10:01:39.8900;2;;2;office;1;0;0;
out;2018-11-06 18:02:00.0000;0;;;;;;;
in;2018-11-07 09:22:23.5330;4;;4;travel;1;0;0;
out;2018-11-07 09:39:07.5680;0;;;;;;;
in;2018-11-07 10:08:46.6210;2;;2;office;1;0;0;
out;2018-11-07 17:53:04.7350;0;;;;;;;
in;2018-11-08 08:40:00.3910;4;;4;travel;1;0;0;
out;2018-11-08 09:25:32.3400;0;;;;;;;
in;2018-11-08 10:47:43.7130;2;;2;office;1;0;0;
out;2018-11-08 15:40:29.0620;0;;;;;;;
in;2018-11-08 15:48:27.3410;4;;4;travel;1;0;0;
out;2018-11-08 16:47:00.0000;0;;;;;;;
in;2018-11-09 08:50:18.6800;3;;3;home;1;0;0;
out;2018-11-09 08:54:50.5760;0;;;;;;;
in;2018-11-09 10:13:16.3310;4;;4;travel;1;0;0;
out;2018-11-09 10:49:00.0000;0;;;;;;;
in;2018-11-09 10:59:00.0000;2;;2;office;1;0;0;
out;2018-11-09 13:26:22.7330;0;;;;;;;
in;2018-11-09 13:46:07.3430;6;;6;mobile;1;0;0;
out;2018-11-09 16:14:00.0000;0;;;;;;;
in;2018-11-09 16:31:49.2390;6;;6;mobile;1;0;0;
out;2018-11-09 16:52:47.5450;0;;;;;;;
in;2018-11-12 09:02:19.9850;4;;4;travel;1;0;0;
out;2018-11-12 09:45:00.0000;0;;;;;;;
in;2018-11-12 09:54:19.9330;2;;2;office;1;0;0;
out;2018-11-12 11:20:29.4780;0;;;;;;;
in;2018-11-12 12:17:52.2160;2;;2;office;1;0;0;
out;2018-11-12 18:35:00.0000;0;;;;;;;
in;2018-11-12 21:56:55.8650;4;;4;travel;1;0;0;
out;2018-11-12 22:41:00.0000;0;;;;;;;
in;2018-11-13 10:03:33.2100;4;;4;travel;1;0;0;
out;2018-11-13 10:19:00.0000;0;;;;;;;
in;2018-11-13 10:28:27.3870;2;;2;office;1;0;0;
out;2018-11-13 18:02:00.0000;0;;;;;;;
in;2018-11-13 18:34:11.8940;4;;4;travel;1;0;0;
out;2018-11-13 19:00:00.0000;0;;;;;;;
in;2018-11-14 10:05:14.4420;4;;4;travel;1;0;0;
out;2018-11-14 10:55:00.0000;0;;;;;;;
in;2018-11-14 11:01:35.4870;2;;2;office;1;0;0;
out;2018-11-14 16:48:50.4140;0;;;;;;;
in;2018-11-15 08:43:01.5930;4;;4;travel;1;0;0;
out;2018-11-15 09:26:56.5410;0;;;;;;;
in;2018-11-15 09:29:44.2830;2;;2;office;1;0;0;
out;2018-11-15 15:12:31.1130;0;;;;;;;
in;2018-11-15 18:18:10.7130;4;;4;travel;1;0;0;
out;2018-11-15 18:24:43.5590;0;;;;;;;
in;2018-11-16 09:24:48.7870;3;;3;home;1;0;0;
out;2018-11-16 10:26:56.1050;0;;;;;;;
in;2018-11-16 14:53:34.1100;3;;3;home;1;0;0;
out;2018-11-16 15:35:00.0000;0;;;;;;;
in;2018-11-19 09:03:00.0000;4;;4;travel;1;0;0;
out;2018-11-19 09:24:15.9210;0;;;;;;;
in;2018-11-19 09:27:35.6160;2;;2;office;1;0;0;
out;2018-11-19 16:34:56.9600;0;;;;;;;
in;2018-11-19 16:55:08.6480;4;;4;travel;1;0;0;
out;2018-11-19 17:38:00.0000;0;;;;;;;
in;2018-11-20 07:36:24.5310;6;;6;mobile;1;0;0;
out;2018-11-20 07:49:59.8730;0;;;;;;;
in;2018-11-20 08:00:41.8650;6;;6;mobile;1;0;0;
out;2018-11-20 08:45:00.0000;0;;;;;;;
in;2018-11-20 08:52:51.6100;6;;6;mobile;1;0;0;
out;2018-11-20 12:46:00.0000;0;;;;;;;
in;2018-11-20 13:07:00.0000;7;;7;schulung;1;0;0;
out;2018-11-20 17:45:00.0000;0;;;;;;;
in;2018-11-20 18:20:49.4320;6;;6;mobile;1;0;0;
out;2018-11-20 18:28:00.0000;0;;;;;;;
in;2018-11-21 08:30:00.0000;7;;7;schulung;1;0;0;
out;2018-11-21 14:03:16.4400;0;;;;;;;
in;2018-11-21 16:25:00.0000;6;;6;mobile;1;0;0;
out;2018-11-21 16:37:00.0000;0;;;;;;;
in;2018-11-21 17:24:00.0000;6;;6;mobile;1;0;0;
out;2018-11-21 17:38:00.0000;0;;;;;;;
in;2018-11-21 19:40:43.2420;6;;6;mobile;1;0;0;
out;2018-11-21 20:00:58.1150;0;;;;;;;
in;2018-11-22 09:08:29.6480;4;;4;travel;1;0;0;
out;2018-11-22 09:49:59.2650;0;;;;;;;
in;2018-11-22 09:54:03.9750;2;;2;office;1;0;0;
out;2018-11-22 15:38:26.3000;0;;;;;;;
in;2018-11-22 15:42:38.0930;4;;4;travel;1;0;0;
out;2018-11-22 16:38:56.6300;0;;;;;;;
in;2018-11-23 09:34:06.0660;3;;3;home;1;0;0;
out;2018-11-23 11:35:31.0210;0;;;;;;;
in;2018-11-23 12:14:08.0120;3;;3;home;1;0;0;
out;2018-11-23 13:24:52.4320;0;;;;;;;
in;2018-11-23 14:56:04.4720;3;;3;home;1;0;0;
out;2018-11-23 18:29:48.3940;0;;;;;;;
in;2018-11-26 08:23:37.0240;4;;4;travel;1;0;0;
out;2018-11-26 09:20:38.4470;0;;;;;;;
in;2018-11-26 09:29:49.4640;2;;2;office;1;0;0;
out;2018-11-26 17:05:53.2680;0;;;;;;;
in;2018-11-26 17:35:00.0000;4;;4;travel;1;0;0;
out;2018-11-26 17:59:59.6780;0;;;;;;;
in;2018-11-27 09:04:25.9890;4;;4;travel;1;0;0;
out;2018-11-27 09:49:26.4440;0;;;;;;;
in;2018-11-27 09:56:10.1620;2;;2;office;1;0;0;
out;2018-11-27 15:16:00.0000;0;;;;;;;
in;2018-11-27 15:22:41.1200;4;;4;travel;1;0;0;
out;2018-11-27 15:43:41.4980;0;;;;;;;
in;2018-11-27 18:12:40.0590;4;;4;travel;1;0;0;
out;2018-11-27 18:31:04.9640;0;;;;;;;
in;2018-11-27 18:51:52.1380;3;;3;home;1;0;0;
out;2018-11-27 19:10:24.5590;0;;;;;;;
in;2018-11-27 19:55:45.0900;3;;3;home;1;0;0;
out;2018-11-27 20:12:32.0780;0;;;;;;;
in;2018-11-27 20:42:06.1340;3;;3;home;1;0;0;
out;2018-11-27 21:33:52.7320;0;;;;;;;
in;2018-11-28 10:04:39.7740;3;;3;home;1;0;0;
out;2018-11-28 12:58:30.1880;0;;;;;;;
in;2018-11-28 14:15:37.7430;3;;3;home;1;0;0;
out;2018-11-28 15:40:00.0000;0;;;;;;;
in;2018-11-29 09:02:27.3040;3;;3;home;1;0;0;
out;2018-11-29 09:49:32.8480;0;;;;;;;
in;2018-11-29 10:11:38.5630;4;;4;travel;1;0;0;
out;2018-11-29 11:39:19.9560;0;;;;;;;
in;2018-11-29 11:43:58.5130;2;;2;office;1;0;0;
out;2018-11-29 16:06:00.0000;0;;;;;;;
in;2018-11-29 16:12:00.0000;4;;4;travel;1;0;0;
out;2018-11-29 16:29:58.1670;0;;;;;;;
in;2018-11-30 08:28:14.4540;4;;4;travel;1;0;0;
out;2018-11-30 09:18:00.0000;0;;;;;;;
in;2018-11-30 09:25:21.7990;2;;2;office;1;0;0;
out;2018-11-30 14:06:00.0000;0;;;;;;;
in;2018-11-30 14:15:33.4210;4;;4;travel;1;0;0;
out;2018-11-30 15:01:36.6250;0;;;;;;;
in;2018-11-30 15:22:01.6250;4;;4;travel;1;0;0;
out;2018-11-30 15:30:10.9130;0;;;;;;;
in;2018-11-30 18:54:25.7360;3;;3;home;1;0;0;
out;2018-11-30 20:01:45.5090;0;;;;;;;
in;2018-12-03 08:35:12.9900;3;;3;home;1;0;0;
out;2018-12-03 08:39:07.8600;0;;;;;;;
in;2018-12-03 09:07:15.8070;4;;4;travel;1;0;0;
out;2018-12-03 09:25:00.0000;0;;;;;;;
in;2018-12-03 11:46:08.0910;4;;4;travel;1;0;0;
out;2018-12-03 12:19:00.0000;0;;;;;;;
in;2018-12-03 12:26:00.0000;2;;2;office;1;0;0;
out;2018-12-03 18:50:00.0000;0;;;;;;;
in;2018-12-04 08:18:02.6260;6;;6;mobile;1;0;0;
out;2018-12-04 09:48:00.0000;0;;;;;;;
in;2018-12-04 10:02:58.2580;6;;6;mobile;1;0;0;
out;2018-12-04 12:41:00.0000;0;;;;;;;
in;2018-12-04 13:30:00.0000;7;;7;schulung;1;0;0;
out;2018-12-04 17:20:00.0000;0;;;;;;;
in;2018-12-04 17:40:00.0000;7;;7;schulung;1;0;0;
out;2018-12-04 20:00:00.0000;0;;;;;;;
in;2018-12-05 08:22:49.7840;6;;6;mobile;1;0;0;
out;2018-12-05 12:21:46.6370;0;;;;;;;
in;2018-12-05 12:35:13.9800;2;;2;office;1;0;0;
out;2018-12-05 16:10:00.0000;0;;;;;;;
in;2018-12-05 16:26:00.0000;2;;2;office;1;0;0;
out;2018-12-05 20:00:00.0000;0;;;;;;;
in;2018-12-06 09:07:36.3450;4;;4;travel;1;0;0;
out;2018-12-06 09:49:00.0000;0;;;;;;;
in;2018-12-06 09:52:52.9520;2;;2;office;1;0;0;
out;2018-12-06 16:37:49.3670;0;;;;;;;
in;2018-12-06 16:44:27.7170;4;;4;travel;1;0;0;
out;2018-12-06 17:32:44.5100;0;;;;;;;
in;2018-12-06 21:13:18.0750;3;;3;home;1;0;0;
out;2018-12-06 21:51:59.9860;0;;;;;;;
in;2018-12-07 10:01:06.5310;3;;3;home;1;0;0;
out;2018-12-07 13:16:11.9100;0;;;;;;;
in;2018-12-07 15:21:51.1140;3;;3;home;1;0;0;
out;2018-12-07 15:30:00.0000;0;;;;;;;
in;2018-12-07 16:25:00.0000;6;;6;mobile;1;0;0;
out;2018-12-07 16:53:19.8130;0;;;;;;;
in;2018-12-10 09:47:54.7330;3;;3;home;1;0;0;
out;2018-12-10 10:42:36.1210;0;;;;;;;
in;2018-12-10 11:04:00.0000;4;;4;travel;1;0;0;
out;2018-12-10 11:55:00.0000;0;;;;;;;
in;2018-12-10 12:05:00.0000;2;;2;office;1;0;0;
out;2018-12-10 18:29:30.8360;0;;;;;;;
in;2018-12-11 09:08:51.6670;4;;4;travel;1;0;0;
out;2018-12-11 09:50:51.6800;0;;;;;;;
in;2018-12-11 09:53:39.5280;2;;2;office;1;0;0;
out;2018-12-11 16:16:00.0000;0;;;;;;;
in;2018-12-11 16:22:00.0000;4;;4;travel;1;0;0;
out;2018-12-11 16:44:00.0000;0;;;;;;;
in;2018-12-12 09:20:26.6740;4;;4;travel;1;0;0;
out;2018-12-12 09:52:54.3990;0;;;;;;;
in;2018-12-12 09:57:51.7490;2;;2;office;1;0;0;
out;2018-12-12 18:53:52.2550;0;;;;;;;
in;2018-12-12 23:36:00.0000;4;;4;travel;1;0;0;
out;2018-12-12 23:59:00.0000;0;;;;;;;
in;2018-12-13 00:01:00.0000;4;;4;travel;1;0;0;
out;2018-12-13 00:39:20.3860;0;;;;;;;
in;2018-12-13 10:23:40.8760;4;;4;travel;1;0;0;
out;2018-12-13 11:18:44.7720;0;;;;;;;
in;2018-12-13 11:28:00.0000;2;;2;office;1;0;0;
out;2018-12-13 17:08:41.6990;0;;;;;;;
in;2018-12-13 17:31:07.1040;4;;4;travel;1;0;0;
out;2018-12-13 17:56:43.4940;0;;;;;;;
in;2018-12-14 09:06:42.4550;4;;4;travel;1;0;0;
out;2018-12-14 09:52:00.0000;0;;;;;;;
in;2018-12-14 09:57:38.5580;2;;2;office;1;0;0;
out;2018-12-14 19:10:00.0000;0;;;;;;;
in;2018-12-17 08:25:57.2330;4;;4;travel;1;0;0;
out;2018-12-17 09:20:15.8940;0;;;;;;;
in;2018-12-17 09:24:08.2750;2;;2;office;1;0;0;
out;2018-12-17 20:00:42.6860;0;;;;;;;
in;2018-12-18 08:44:00.0000;4;;4;travel;1;0;0;
out;2018-12-18 09:19:00.0000;0;;;;;;;
in;2018-12-18 09:24:00.0000;2;;2;office;1;0;0;
out;2018-12-18 16:48:44.4770;0;;;;;;;
in;2018-12-18 17:11:29.7400;4;;4;travel;1;0;0;
out;2018-12-18 17:31:21.3840;0;;;;;;;
in;2018-12-19 09:31:59.2510;4;;4;travel;1;0;0;
out;2018-12-19 09:50:00.0000;0;;;;;;;
in;2018-12-19 09:55:43.4130;2;;2;office;1;0;0;
out;2018-12-19 17:34:31.9470;0;;;;;;;
in;2018-12-19 18:06:06.7220;4;;4;travel;1;0;0;
out;2018-12-19 18:33:00.0000;0;;;;;;;
in;2018-12-20 08:35:14.6720;4;;4;travel;1;0;0;
out;2018-12-20 09:13:36.1630;0;;;;;;;
in;2018-12-20 09:23:33.1240;2;;2;office;1;0;0;
out;2018-12-20 14:39:00.0000;0;;;;;;;
in;2018-12-20 15:21:38.3030;4;;4;travel;1;0;0;
out;2018-12-20 15:57:00.0000;0;;;;;;;
in;2018-12-21 10:20:00.0000;3;;3;home;1;0;0;
out;2018-12-21 12:24:25.3760;0;;;;;;;
in;2018-12-21 14:34:00.0000;6;;6;mobile;1;0;0;
out;2018-12-21 15:13:00.0000;0;;;;;;;
in;2018-12-23 18:02:32.7410;6;;6;mobile;1;0;0;
out;2018-12-23 18:23:25.0920;0;;;;;;;
in;2019-01-07 08:29:49.6230;6;;6;mobile;1;0;0;
out;2019-01-07 09:27:54.4470;0;;;;;;;
in;2019-01-07 09:39:03.6610;2;;2;office;1;0;0;
out;2019-01-07 17:42:05.6100;0;;;;;;;
in;2019-01-08 09:55:01.7640;4;;4;travel;1;0;0;
out;2019-01-08 10:20:58.2970;0;;;;;;;
in;2019-01-08 10:25:14.9180;2;;2;office;1;0;0;
out;2019-01-08 17:02:55.1800;0;;;;;;;
in;2019-01-09 09:00:49.2250;4;;4;travel;1;0;0;
out;2019-01-09 09:48:36.9410;0;;;;;;;
in;2019-01-09 09:54:00.0000;2;;2;office;1;0;0;
out;2019-01-09 17:07:20.4550;0;;;;;;;
in;2019-01-09 17:37:09.1430;4;;4;travel;1;0;0;
out;2019-01-09 17:58:23.0090;0;;;;;;;
in;2019-01-10 09:23:24.0020;4;;4;travel;1;0;0;
out;2019-01-10 10:18:08.0010;0;;;;;;;
in;2019-01-10 10:25:00.0000;2;;2;office;1;0;0;
out;2019-01-10 17:55:00.0000;0;;;;;;;
in;2019-01-10 18:56:52.3840;4;;4;travel;1;0;0;
out;2019-01-10 19:37:00.0000;0;;;;;;;
in;2019-01-11 11:16:32.5530;3;;3;home;1;0;0;
out;2019-01-11 14:15:00.0000;0;;;;;;;
in;2019-01-11 15:00:00.0000;3;;3;home;1;0;0;
out;2019-01-11 15:38:40.4590;0;;;;;;;
in;2019-01-11 18:25:36.6120;3;;3;home;1;0;0;
out;2019-01-11 20:03:15.1370;0;;;;;;;
in;2019-01-14 09:30:19.5160;2;;2;office;1;0;0;
out;2019-01-14 17:39:43.1690;0;;;;;;;
in;2019-01-14 21:50:51.2560;4;;4;travel;1;0;0;
out;2019-01-14 22:12:40.2970;0;;;;;;;
in;2019-01-15 09:12:07.6060;3;;3;home;1;0;0;
out;2019-01-15 10:54:18.7000;0;;;;;;;
in;2019-01-15 11:43:47.3550;6;;6;mobile;1;0;0;
out;2019-01-15 12:12:09.5540;0;;;;;;;
in;2019-01-15 12:16:00.0000;4;;4;travel;1;0;0;
out;2019-01-15 13:19:17.3380;0;;;;;;;
in;2019-01-15 13:22:21.6580;2;;2;office;1;0;0;
out;2019-01-15 18:35:29.2280;0;;;;;;;
in;2019-01-16 09:38:27.1740;6;;6;mobile;1;0;0;
out;2019-01-16 09:44:56.4720;0;;;;;;;
in;2019-01-16 09:57:18.9600;2;;2;office;1;0;0;
out;2019-01-16 17:33:01.4640;0;;;;;;;
in;2019-01-16 18:35:00.0000;4;;4;travel;1;0;0;
out;2019-01-16 18:58:08.8220;0;;;;;;;
in;2019-01-17 09:53:00.0000;3;;3;home;1;0;0;
out;2019-01-17 09:59:00.0000;0;;;;;;;
in;2019-01-17 10:03:00.0000;7;;7;schulung;1;0;0;
out;2019-01-17 13:05:00.0000;0;;;;;;;
in;2019-01-17 13:17:36.5510;3;;3;home;1;0;0;
out;2019-01-17 16:18:15.3440;0;;;;;;;
in;2019-01-17 16:30:00.0000;7;;7;schulung;1;0;0;
out;2019-01-17 17:50:00.0000;0;;;;;;;
in;2019-01-18 09:19:42.5970;3;;3;home;1;0;0;
out;2019-01-18 12:20:00.0000;0;;;;;;;
in;2019-01-18 13:27:48.2990;3;;3;home;1;0;0;
out;2019-01-18 15:29:33.8830;0;;;;;;;
in;2019-01-18 16:26:53.9330;3;;3;home;1;0;0;
out;2019-01-18 19:46:43.4190;0;;;;;;;
in;2019-01-21 08:43:16.5140;4;;4;travel;1;0;0;
out;2019-01-21 09:20:41.2980;0;;;;;;;
in;2019-01-21 09:27:06.5990;2;;2;office;1;0;0;
out;2019-01-21 17:07:47.6480;0;;;;;;;
in;2019-01-21 17:47:22.3610;4;;4;travel;1;0;0;
out;2019-01-21 17:52:00.0000;0;;;;;;;
in;2019-01-21 20:25:44.9190;3;;3;home;1;0;0;
out;2019-01-21 21:00:00.0000;0;;;;;;;
in;2019-01-22 09:02:45.1570;4;;4;travel;1;0;0;
out;2019-01-22 09:56:00.0000;0;;;;;;;
in;2019-01-22 09:59:59.8560;2;;2;office;1;0;0;
out;2019-01-22 15:57:32.4190;0;;;;;;;
in;2019-01-22 16:14:50.6340;4;;4;travel;1;0;0;
out;2019-01-22 16:57:00.0000;0;;;;;;;
in;2019-01-22 18:11:01.0990;3;;3;home;1;0;0;
out;2019-01-22 18:25:46.5930;0;;;;;;;
in;2019-01-23 09:48:47.9210;3;;3;home;1;0;0;
out;2019-01-23 15:41:42.5560;0;;;;;;;
in;2019-01-23 17:09:23.0160;3;;3;home;1;0;0;
out;2019-01-23 18:15:44.9150;0;;;;;;;
in;2019-01-24 08:26:20.0550;4;;4;travel;1;0;0;
out;2019-01-24 09:20:00.0000;0;;;;;;;
in;2019-01-24 09:24:28.0030;2;;2;office;1;0;0;
out;2019-01-24 15:09:26.6220;0;;;;;;;
in;2019-01-24 15:14:34.1370;4;;4;travel;1;0;0;
out;2019-01-24 15:58:00.0000;0;;;;;;;
in;2019-01-25 09:16:32.2910;4;;4;travel;1;0;0;
out;2019-01-25 09:49:53.8420;0;;;;;;;
in;2019-01-25 09:55:30.6350;2;;2;office;1;0;0;
out;2019-01-25 12:02:42.8400;0;;;;;;;
in;2019-01-25 13:33:48.5250;2;;2;office;1;0;0;
out;2019-01-25 16:03:41.1500;0;;;;;;;
in;2019-01-25 16:28:24.2910;4;;4;travel;1;0;0;
out;2019-01-25 17:00:00.0000;0;;;;;;;
in;2019-01-25 17:20:05.4750;3;;3;home;1;0;0;
out;2019-01-25 17:43:24.9080;0;;;;;;;
in;2019-01-27 13:18:12.5230;6;;6;mobile;1;0;0;
out;2019-01-27 13:56:34.7930;0;;;;;;;
in;2019-01-27 18:02:42.4560;6;;6;mobile;1;0;0;
out;2019-01-27 18:56:56.3610;0;;;;;;;
in;2019-01-28 09:03:09.9960;3;;3;home;1;0;0;
out;2019-01-28 09:11:52.5120;0;;;;;;;
in;2019-01-28 09:22:30.0020;4;;4;travel;1;0;0;
out;2019-01-28 10:18:20.4770;0;;;;;;;
in;2019-01-28 10:29:36.8400;2;;2;office;1;0;0;
out;2019-01-28 17:43:48.7080;0;;;;;;;
in;2019-01-28 19:47:21.1920;4;;4;travel;1;0;0;
out;2019-01-28 19:49:00.4870;0;;;;;;;
in;2019-01-28 20:45:56.2100;4;;4;travel;1;0;0;
out;2019-01-28 21:25:36.3630;0;;;;;;;
in;2019-01-29 09:27:09.5880;3;;3;home;1;0;0;
out;2019-01-29 09:36:59.9810;0;;;;;;;
in;2019-01-29 10:03:11.0810;6;;6;mobile;1;0;0;
out;2019-01-29 10:25:41.4790;0;;;;;;;
in;2019-01-29 13:20:27.1890;6;;6;mobile;1;0;0;
out;2019-01-29 13:53:51.4840;0;;;;;;;
in;2019-01-29 14:40:00.0000;6;;6;mobile;1;0;0;
out;2019-01-29 14:56:55.7180;0;;;;;;;
in;2019-01-29 15:36:26.4540;3;;3;home;1;0;0;
out;2019-01-29 19:28:47.8900;0;;;;;;;
in;2019-01-29 20:04:53.1890;3;;3;home;1;0;0;
out;2019-01-29 21:18:50.7160;0;;;;;;;
in;2019-01-30 08:12:16.1840;4;;4;travel;1;0;0;
out;2019-01-30 08:49:00.0000;0;;;;;;;
in;2019-01-30 08:52:43.1080;2;;2;office;1;0;0;
out;2019-01-30 17:08:08.6390;0;;;;;;;
in;2019-01-30 17:22:30.6800;4;;4;travel;1;0;0;
out;2019-01-30 17:24:39.6930;0;;;;;;;
in;2019-01-30 17:36:06.2850;4;;4;travel;1;0;0;
out;2019-01-30 17:57:50.9200;0;;;;;;;
in;2019-01-31 08:27:18.5330;4;;4;travel;1;0;0;
out;2019-01-31 09:18:00.0000;0;;;;;;;
in;2019-01-31 09:23:21.0600;2;;2;office;1;0;0;
out;2019-01-31 18:04:56.2510;0;;;;;;;
in;2019-01-31 18:13:16.6230;4;;4;travel;1;0;0;
out;2019-01-31 18:56:34.1850;0;;;;;;;
in;2019-02-01 09:33:03.9920;3;;3;home;1;0;0;
out;2019-02-01 10:14:00.0000;0;;;;;;;
in;2019-02-01 10:27:54.4340;4;;4;travel;1;0;0;
out;2019-02-01 11:23:16.7840;0;;;;;;;
in;2019-02-01 11:32:10.5050;2;;2;office;1;0;0;
out;2019-02-01 15:16:06.5820;0;;;;;;;
in;2019-02-04 09:18:35.1520;2;;2;office;1;0;0;
out;2019-02-04 17:50:00.0000;0;;;;;;;
in;2019-02-04 18:17:03.9590;4;;4;travel;1;0;0;
out;2019-02-04 18:56:00.0000;0;;;;;;;
in;2019-02-05 10:01:50.0300;3;;3;home;1;0;0;
out;2019-02-05 13:10:30.3750;0;;;;;;;
in;2019-02-05 13:47:08.7870;3;;3;home;1;0;0;
out;2019-02-05 19:40:46.3450;0;;;;;;;
in;2019-02-05 20:16:03.6750;3;;3;home;1;0;0;
out;2019-02-05 20:28:26.2220;0;;;;;;;
in;2019-02-06 09:32:32.6540;4;;4;travel;1;0;0;
out;2019-02-06 10:18:33.6590;0;;;;;;;
in;2019-02-06 10:22:55.3460;2;;2;office;1;0;0;
out;2019-02-06 17:32:03.6140;0;;;;;;;
in;2019-02-06 18:09:26.8130;4;;4;travel;1;0;0;
out;2019-02-06 18:36:23.7160;0;;;;;;;
in;2019-02-06 18:46:45.3830;3;;3;home;1;0;0;
out;2019-02-06 19:23:07.0110;0;;;;;;;
in;2019-02-07 07:55:02.7690;4;;4;travel;1;0;0;
out;2019-02-07 08:23:43.7890;0;;;;;;;
in;2019-02-07 08:43:22.2530;5;;5;hackathon;1;0;0;
out;2019-02-07 16:17:00.0000;0;;;;;;;
in;2019-02-07 16:46:38.7330;4;;4;travel;1;0;0;
out;2019-02-07 17:41:00.0000;0;;;;;;;
in;2019-02-08 07:11:38.5570;4;;4;travel;1;0;0;
out;2019-02-08 07:50:30.1090;0;;;;;;;
in;2019-02-08 07:54:11.5100;7;;7;schulung;1;0;0;
out;2019-02-08 15:54:09.3560;0;;;;;;;
in;2019-02-08 15:57:50.2010;2;;2;office;1;0;0;
out;2019-02-08 17:45:28.5530;0;;;;;;;
in;2019-02-08 17:52:44.3680;4;;4;travel;1;0;0;
out;2019-02-08 18:35:00.0000;0;;;;;;;
in;2019-02-11 08:04:21.8060;4;;4;travel;1;0;0;
out;2019-02-11 08:23:05.7270;0;;;;;;;
in;2019-02-11 11:36:38.6580;4;;4;travel;1;0;0;
out;2019-02-11 11:45:41.8800;0;;;;;;;
in;2019-02-11 11:47:44.9480;2;;2;office;1;0;0;
out;2019-02-11 18:36:00.0000;0;;;;;;;
in;2019-02-11 22:06:00.0000;4;;4;travel;1;0;0;
out;2019-02-11 22:36:00.0000;0;;;;;;;
in;2019-02-12 09:35:18.9980;4;;4;travel;1;0;0;
out;2019-02-12 10:18:00.4910;0;;;;;;;
in;2019-02-12 10:27:00.0000;2;;2;office;1;0;0;
out;2019-02-12 17:02:00.0000;0;;;;;;;
in;2019-02-13 09:05:00.0000;3;;3;home;1;0;0;
out;2019-02-13 10:03:29.1640;0;;;;;;;
in;2019-02-13 11:02:16.3810;3;;3;home;1;0;0;
out;2019-02-13 15:04:28.7620;0;;;;;;;
in;2019-02-13 16:29:18.0850;3;;3;home;1;0;0;
out;2019-02-13 18:57:29.7370;0;;;;;;;
in;2019-02-14 09:19:10.6370;4;;4;travel;1;0;0;
out;2019-02-14 10:04:00.0000;0;;;;;;;
in;2019-02-14 10:24:15.7110;2;;2;office;1;0;0;
out;2019-02-14 17:30:18.7250;0;;;;;;;
in;2019-02-14 18:04:50.6070;4;;4;travel;1;0;0;
out;2019-02-14 18:47:07.6320;0;;;;;;;
in;2019-02-15 08:47:16.1290;4;;4;travel;1;0;0;
out;2019-02-15 09:18:22.2300;0;;;;;;;
in;2019-02-15 09:22:52.7880;2;;2;office;1;0;0;
out;2019-02-15 11:47:25.6220;0;;;;;;;
in;2019-02-15 13:38:39.3470;2;;2;office;1;0;0;
out;2019-02-15 15:48:00.0000;0;;;;;;;
in;2019-02-15 21:49:51.9240;4;;4;travel;1;0;0;
out;2019-02-15 22:36:00.0000;0;;;;;;;
in;2019-02-18 08:44:02.1150;4;;4;travel;1;0;0;
out;2019-02-18 09:18:34.3450;0;;;;;;;
in;2019-02-18 09:23:00.0000;2;;2;office;1;0;0;
out;2019-02-18 17:06:40.2900;0;;;;;;;
in;2019-02-18 17:41:45.8560;4;;4;travel;1;0;0;
out;2019-02-18 17:56:00.0000;0;;;;;;;
in;2019-02-19 08:24:46.8000;4;;4;travel;1;0;0;
out;2019-02-19 09:19:10.6220;0;;;;;;;
in;2019-02-19 09:23:36.9800;2;;2;office;1;0;0;
out;2019-02-19 14:37:32.2210;0;;;;;;;
in;2019-02-19 14:48:00.0000;4;;4;travel;1;0;0;
out;2019-02-19 15:38:58.0050;0;;;;;;;
in;2019-02-20 09:52:13.6520;4;;4;travel;1;0;0;
out;2019-02-20 10:20:00.0000;0;;;;;;;
in;2019-02-20 10:24:58.7310;2;;2;office;1;0;0;
out;2019-02-20 18:23:00.0000;0;;;;;;;
in;2019-02-20 19:04:32.1280;4;;4;travel;1;0;0;
out;2019-02-20 19:43:00.0000;0;;;;;;;
in;2019-02-21 08:52:07.6760;3;;3;home;1;0;0;
out;2019-02-21 09:22:13.2750;0;;;;;;;
in;2019-02-21 11:09:57.1150;3;;3;home;1;0;0;
out;2019-02-21 11:48:00.0000;0;;;;;;;
in;2019-02-21 12:10:00.0000;4;;4;travel;1;0;0;
out;2019-02-21 12:49:00.0000;0;;;;;;;
in;2019-02-21 12:52:44.9740;2;;2;office;1;0;0;
out;2019-02-21 16:40:02.1430;0;;;;;;;
in;2019-02-25 09:00:38.2410;4;;4;travel;1;0;0;
out;2019-02-25 09:15:32.2950;0;;;;;;;
in;2019-02-25 09:25:00.0000;2;;2;office;1;0;0;
out;2019-02-25 18:08:57.6680;0;;;;;;;
in;2019-02-26 10:13:00.0000;3;;3;home;1;0;0;
out;2019-02-26 18:01:00.0000;0;;;;;;;
in;2019-02-27 09:00:09.2160;4;;4;travel;1;0;0;
out;2019-02-27 09:48:47.1750;0;;;;;;;
in;2019-02-27 09:59:00.0000;7;;7;schulung;1;0;0;
out;2019-02-27 12:10:00.0000;0;;;;;;;
in;2019-02-27 12:12:00.0000;2;;2;office;1;0;0;
out;2019-02-27 17:46:00.0000;0;;;;;;;
in;2019-02-28 08:26:18.5140;4;;4;travel;1;0;0;
out;2019-02-28 09:11:00.0000;0;;;;;;;
in;2019-02-28 09:26:16.2080;4;;4;travel;1;0;0;
out;2019-02-28 10:06:31.8970;0;;;;;;;
in;2019-02-28 10:12:28.8360;2;;2;office;1;0;0;
in;2019-02-28 15:21:00.0000;4;;4;travel;1;0;0;
out;2019-02-28 15:12:16.3670;0;;;;;;;
out;2019-02-28 16:06:00.0000;0;;;;;;;
in;2019-03-04 09:01:44.1170;4;;4;travel;1;0;0;
out;2019-03-04 09:48:00.0000;0;;;;;;;
in;2019-03-04 09:59:49.4330;2;;2;office;1;0;0;
out;2019-03-04 17:32:17.5700;0;;;;;;;
in;2019-03-05 11:02:16.5930;4;;4;travel;1;0;0;
out;2019-03-05 11:12:00.0000;0;;;;;;;
in;2019-03-05 11:22:48.4250;2;;2;office;1;0;0;
out;2019-03-05 17:47:19.1600;0;;;;;;;
in;2019-03-05 18:19:31.9830;4;;4;travel;1;0;0;
out;2019-03-05 19:00:00.0000;0;;;;;;;
in;2019-03-06 09:32:21.6440;6;;6;mobile;1;0;0;
out;2019-03-06 10:19:03.8560;0;;;;;;;
in;2019-03-06 10:27:47.4250;6;;6;mobile;1;0;0;
out;2019-03-06 10:52:09.6570;0;;;;;;;
in;2019-03-06 10:59:11.3320;6;;6;mobile;1;0;0;
out;2019-03-06 13:47:04.3160;0;;;;;;;
in;2019-03-06 13:56:06.8890;5;;5;hackathon;1;0;0;
out;2019-03-06 16:53:00.0000;0;;;;;;;
in;2019-03-06 18:29:28.6500;6;;6;mobile;1;0;0;
out;2019-03-06 19:26:30.9900;0;;;;;;;
in;2019-03-07 10:23:25.4310;2;;2;office;1;0;0;
out;2019-03-07 18:05:14.5810;0;;;;;;;
in;2019-03-07 18:29:55.0260;4;;4;travel;1;0;0;
out;2019-03-07 18:35:00.0000;0;;;;;;;
in;2019-03-11 11:59:04.1730;4;;4;travel;1;0;0;
out;2019-03-11 12:50:24.9890;0;;;;;;;
in;2019-03-11 12:54:01.1020;2;;2;office;1;0;0;
out;2019-03-11 18:33:57.2890;0;;;;;;;
in;2019-03-12 10:09:50.3320;4;;4;travel;1;0;0;
out;2019-03-12 10:48:00.0000;0;;;;;;;
in;2019-03-12 10:53:16.3170;2;;2;office;1;0;0;
out;2019-03-12 19:08:42.4150;0;;;;;;;
in;2019-03-12 19:47:43.2140;4;;4;travel;1;0;0;
in;2019-03-12 20:57:33.5920;3;;3;home;1;0;0;
out;2019-03-12 20:40:00.0000;0;;;;;;;
out;2019-03-12 21:46:18.6670;0;;;;;;;
in;2019-03-13 09:12:20.1400;3;;3;home;1;0;0;
out;2019-03-13 09:57:07.4360;0;;;;;;;
in;2019-03-13 10:48:00.9690;3;;3;home;1;0;0;
out;2019-03-13 12:05:00.0000;0;;;;;;;
in;2019-03-13 13:00:00.0000;3;;3;home;1;0;0;
out;2019-03-13 15:31:31.4290;0;;;;;;;
in;2019-03-13 18:22:50.5820;3;;3;home;1;0;0;
out;2019-03-13 20:15:59.7740;0;;;;;;;
in;2019-03-14 08:56:25.7030;4;;4;travel;1;0;0;
out;2019-03-14 09:16:00.0000;0;;;;;;;
in;2019-03-14 09:24:08.8870;2;;2;office;1;0;0;
out;2019-03-14 16:36:12.0820;0;;;;;;;
in;2019-03-14 18:23:02.7640;4;;4;travel;1;0;0;
out;2019-03-14 18:57:00.0000;0;;;;;;;
in;2019-03-15 11:06:07.7740;6;;6;mobile;1;0;0;
out;2019-03-15 11:39:00.0000;0;;;;;;;
in;2019-03-18 08:25:56.2350;4;;4;travel;1;0;0;
out;2019-03-18 09:21:25.9360;0;;;;;;;
in;2019-03-18 09:33:04.7530;2;;2;office;1;0;0;
out;2019-03-18 17:07:45.7740;0;;;;;;;
in;2019-03-18 17:35:12.8960;4;;4;travel;1;0;0;
out;2019-03-18 17:58:50.4020;0;;;;;;;
in;2019-03-19 09:02:11.2650;6;;6;mobile;1;0;0;
out;2019-03-19 09:51:01.9390;0;;;;;;;
in;2019-03-19 10:00:48.9870;6;;6;mobile;1;0;0;
out;2019-03-19 10:47:27.1850;0;;;;;;;
in;2019-03-19 11:06:13.4800;6;;6;mobile;1;0;0;
out;2019-03-19 11:45:27.5360;0;;;;;;;
in;2019-03-19 13:44:03.5510;6;;6;mobile;1;0;0;
out;2019-03-19 14:00:28.4330;0;;;;;;;
in;2019-03-19 14:34:00.0000;5;;5;hackathon;1;0;0;
out;2019-03-19 17:49:00.0000;0;;;;;;;
in;2019-03-19 19:30:00.0000;5;;5;hackathon;1;0;0;
out;2019-03-19 20:55:00.0000;0;;;;;;;
in;2019-03-20 08:58:47.2660;5;;5;hackathon;1;0;0;
out;2019-03-20 16:50:00.0000;0;;;;;;;
in;2019-03-20 18:55:00.0000;5;;5;hackathon;1;0;0;
out;2019-03-20 19:37:00.0000;0;;;;;;;
in;2019-03-21 09:03:00.0000;5;;5;hackathon;1;0;0;
out;2019-03-21 12:31:00.0000;0;;;;;;;
in;2019-03-21 13:30:00.0000;5;;5;hackathon;1;0;0;
out;2019-03-21 17:02:00.0000;0;;;;;;;
in;2019-03-21 19:02:32.6730;6;;6;mobile;1;0;0;
out;2019-03-21 20:35:06.2040;0;;;;;;;
in;2019-03-22 09:55:36.7290;4;;4;travel;1;0;0;
out;2019-03-22 10:18:00.0000;0;;;;;;;
in;2019-03-22 10:23:05.7190;2;;2;office;1;0;0;
out;2019-03-22 17:43:51.2420;0;;;;;;;
in;2019-03-25 09:29:00.0000;2;;2;office;1;0;0;
out;2019-03-25 16:39:41.7540;0;;;;;;;
in;2019-03-25 17:33:46.8000;4;;4;travel;1;0;0;
out;2019-03-25 17:46:00.0000;0;;;;;;;
in;2019-03-26 10:09:49.2120;4;;4;travel;1;0;0;
out;2019-03-26 10:49:53.7120;0;;;;;;;
in;2019-03-26 10:55:00.0000;2;;2;office;1;0;0;
out;2019-03-26 17:01:10.5830;0;;;;;;;
in;2019-03-26 17:22:16.7990;4;;4;travel;1;0;0;
out;2019-03-26 17:59:14.9860;0;;;;;;;
in;2019-03-27 08:58:08.3920;4;;4;travel;1;0;0;
out;2019-03-27 08:59:00.0000;0;;;;;;;
in;2019-03-27 12:24:11.4470;4;;4;travel;1;0;0;
out;2019-03-27 12:35:00.0000;0;;;;;;;
in;2019-03-27 13:13:00.2980;4;;4;travel;1;0;0;
out;2019-03-27 13:49:20.8680;0;;;;;;;
in;2019-03-27 13:52:54.6680;2;;2;office;1;0;0;
out;2019-03-27 18:40:07.0880;0;;;;;;;
in;2019-03-28 08:50:50.7240;2;;2;office;1;0;0;
out;2019-03-28 16:34:09.2810;0;;;;;;;
in;2019-03-28 16:55:00.0000;4;;4;travel;1;0;0;
out;2019-03-28 17:46:51.0340;0;;;;;;;
in;2019-03-29 09:00:27.8150;4;;4;travel;1;0;0;
out;2019-03-29 09:40:00.0000;0;;;;;;;
in;2019-03-29 10:07:21.4430;2;;2;office;1;0;0;
out;2019-03-29 13:30:00.0000;0;;;;;;;
in;2019-03-29 14:36:28.5010;2;;2;office;1;0;0;
out;2019-03-29 18:00:45.5620;0;;;;;;;
in;2019-03-29 19:28:28.6400;2;;2;office;1;0;0;
out;2019-03-29 21:09:00.8910;0;;;;;;;
in;2019-04-01 08:35:04.0090;4;;4;travel;1;0;0;
out;2019-04-01 09:20:00.0000;0;;;;;;;
in;2019-04-01 09:25:00.0000;2;;2;office;1;0;0;
out;2019-04-01 18:32:49.2730;0;;;;;;;
in;2019-04-01 19:30:00.0000;4;;4;travel;1;0;0;
out;2019-04-01 19:35:58.8100;0;;;;;;;
in;2019-04-02 09:54:15.8340;4;;4;travel;1;0;0;
out;2019-04-02 10:23:19.6380;0;;;;;;;
in;2019-04-02 10:26:39.5720;2;;2;office;1;0;0;
out;2019-04-02 16:39:00.0000;0;;;;;;;
in;2019-04-02 17:07:18.1830;4;;4;travel;1;0;0;
out;2019-04-02 17:35:53.4290;0;;;;;;;
in;2019-04-02 20:01:57.6310;3;;3;home;1;0;0;
out;2019-04-02 21:47:39.8850;0;;;;;;;
in;2019-04-03 09:24:30.8350;3;;3;home;1;0;0;
out;2019-04-03 09:28:44.3480;0;;;;;;;
in;2019-04-03 10:11:51.9650;3;;3;home;1;0;0;
out;2019-04-03 16:38:17.2970;0;;;;;;;
in;2019-04-03 18:04:30.7560;3;;3;home;1;0;0;
out;2019-04-03 18:24:17.2260;0;;;;;;;
in;2019-04-04 08:50:21.0080;4;;4;travel;1;0;0;
out;2019-04-04 09:18:51.3680;0;;;;;;;
in;2019-04-04 09:24:33.5890;2;;2;office;1;0;0;
in;2019-04-04 18:16:00.0000;4;;4;travel;1;0;0;
out;2019-04-04 17:29:00.0000;0;;;;;;;
out;2019-04-04 18:40:00.0000;0;;;;;;;
in;2019-04-05 09:04:39.3370;4;;4;travel;1;0;0;
out;2019-04-05 09:51:33.3930;0;;;;;;;
in;2019-04-05 09:58:45.5550;2;;2;office;1;0;0;
out;2019-04-05 17:07:59.1130;0;;;;;;;
in;2019-04-07 15:39:16.1840;3;;3;home;1;0;0;
out;2019-04-07 16:29:00.0000;0;;;;;;;
in;2019-04-07 18:49:00.0000;3;;3;home;1;0;0;
out;2019-04-07 20:35:35.2070;0;;;;;;;
in;2019-04-07 20:53:43.4700;3;;3;home;1;0;0;
out;2019-04-07 21:53:54.6240;0;;;;;;;
in;2019-04-07 22:37:00.0000;3;;3;home;1;0;0;
out;2019-04-07 22:53:15.5290;0;;;;;;;
in;2019-04-08 08:51:22.6030;4;;4;travel;1;0;0;
out;2019-04-08 08:59:08.6150;0;;;;;;;
in;2019-04-08 09:17:23.0560;6;;6;mobile;1;0;0;
out;2019-04-08 12:15:05.6570;0;;;;;;;
in;2019-04-08 12:45:00.0000;2;;2;office;1;0;0;
out;2019-04-08 18:33:48.2500;0;;;;;;;
in;2019-04-09 08:41:40.8290;4;;4;travel;1;0;0;
out;2019-04-09 08:54:00.0000;0;;;;;;;
in;2019-04-09 11:24:11.6370;2;;2;office;1;0;0;
out;2019-04-09 12:37:00.0000;0;;;;;;;
in;2019-04-09 13:30:00.0000;6;;6;mobile;1;0;0;
out;2019-04-09 15:26:58.0910;0;;;;;;;
in;2019-04-09 15:51:42.3190;2;;2;office;1;0;0;
out;2019-04-09 18:07:00.0000;0;;;;;;;
in;2019-04-09 18:30:47.8500;4;;4;travel;1;0;0;
out;2019-04-09 18:59:08.4290;0;;;;;;;
in;2019-04-10 08:48:25.7530;4;;4;travel;1;0;0;
out;2019-04-10 10:07:13.6070;0;;;;;;;
in;2019-04-10 10:09:30.5310;2;;2;office;1;0;0;
out;2019-04-10 11:13:39.8980;0;;;;;;;
in;2019-04-10 11:37:35.2350;5;;5;hackathon;1;0;0;
out;2019-04-10 19:00:00.0000;0;;;;;;;
in;2019-04-11 09:00:52.5500;4;;4;travel;1;0;0;
out;2019-04-11 09:51:23.8610;0;;;;;;;
in;2019-04-11 10:03:21.6250;2;;2;office;1;0;0;
out;2019-04-11 12:54:02.9720;0;;;;;;;
in;2019-04-11 13:18:00.0000;5;;5;hackathon;1;0;0;
out;2019-04-11 16:20:59.2590;0;;;;;;;
in;2019-04-11 16:46:44.7550;4;;4;travel;1;0;0;
out;2019-04-11 17:41:00.0000;0;;;;;;;
in;2019-04-12 08:24:49.3030;4;;4;travel;1;0;0;
out;2019-04-12 09:18:00.0000;0;;;;;;;
in;2019-04-12 09:23:03.4640;2;;2;office;1;0;0;
out;2019-04-12 10:48:25.4730;0;;;;;;;
in;2019-04-12 11:35:00.0000;6;;6;mobile;1;0;0;
out;2019-04-12 12:17:32.4820;0;;;;;;;
in;2019-04-12 14:47:00.0000;6;;6;mobile;1;0;0;
out;2019-04-12 15:58:47.6150;0;;;;;;;
in;2019-04-12 16:45:44.8110;2;;2;office;1;0;0;
out;2019-04-12 17:39:06.9360;0;;;;;;;
in;2019-04-12 17:44:49.5780;4;;4;travel;1;0;0;
out;2019-04-12 18:40:43.0870;0;;;;;;;
in;2019-04-15 08:32:54.9470;4;;4;travel;1;0;0;
out;2019-04-15 09:19:56.4050;0;;;;;;;
in;2019-04-15 09:24:05.0920;2;;2;office;1;0;0;
out;2019-04-15 17:03:08.7650;0;;;;;;;
in;2019-04-15 17:37:23.7410;4;;4;travel;1;0;0;
out;2019-04-15 18:01:15.0310;0;;;;;;;
in;2019-04-16 10:02:00.0000;3;;3;home;1;0;0;
out;2019-04-16 10:07:00.0000;0;;;;;;;
in;2019-04-16 15:08:14.2210;3;;3;home;1;0;0;
out;2019-04-16 15:15:33.2750;0;;;;;;;
in;2019-04-17 08:21:00.0000;4;;4;travel;1;0;0;
out;2019-04-17 09:17:16.8810;0;;;;;;;
in;2019-04-17 09:24:14.6560;2;;2;office;1;0;0;
out;2019-04-17 18:35:47.4820;0;;;;;;;
in;2019-04-17 18:58:51.6140;4;;4;travel;1;0;0;
out;2019-04-17 19:28:17.1860;0;;;;;;;
in;2019-04-18 09:32:17.2390;4;;4;travel;1;0;0;
out;2019-04-18 10:12:18.6950;0;;;;;;;
in;2019-04-18 10:24:19.7330;2;;2;office;1;0;0;
out;2019-04-18 16:06:00.0000;0;;;;;;;
in;2019-04-18 16:12:05.9380;4;;4;travel;1;0;0;
out;2019-04-18 16:59:21.1490;0;;;;;;;
in;2019-04-24 08:31:52.7680;4;;4;travel;1;0;0;
out;2019-04-24 09:20:31.7500;0;;;;;;;
in;2019-04-24 09:27:02.4600;2;;2;office;1;0;0;
out;2019-04-24 18:03:12.1240;0;;;;;;;
in;2019-04-24 18:30:59.9430;4;;4;travel;1;0;0;
out;2019-04-24 18:53:00.0000;0;;;;;;;
in;2019-04-25 09:55:10.8030;4;;4;travel;1;0;0;
out;2019-04-25 10:18:00.0000;0;;;;;;;
in;2019-04-25 10:23:34.3620;2;;2;office;1;0;0;
out;2019-04-25 15:35:58.2060;0;;;;;;;
in;2019-04-25 16:16:41.3000;4;;4;travel;1;0;0;
out;2019-04-25 16:35:27.2980;0;;;;;;;
in;2019-04-26 14:22:34.7440;3;;3;home;1;0;0;
out;2019-04-26 15:33:33.5690;0;;;;;;;
in;2019-04-29 08:28:07.4430;4;;4;travel;1;0;0;
out;2019-04-29 09:14:13.7580;0;;;;;;;
in;2019-04-29 09:39:00.3270;2;;2;office;1;0;0;
out;2019-04-29 17:28:36.0370;0;;;;;;;
in;2019-04-29 18:19:26.3890;4;;4;travel;1;0;0;
out;2019-04-29 18:42:14.8040;0;;;;;;;
in;2019-04-30 10:00:00.0000;3;;3;home;1;0;0;
out;2019-04-30 10:05:00.0000;0;;;;;;;
in;2019-05-02 08:39:57.4560;4;;4;travel;1;0;0;
out;2019-05-02 09:15:00.0000;0;;;;;;;
in;2019-05-02 09:25:53.2630;2;;2;office;1;0;0;
out;2019-05-02 15:38:39.4920;0;;;;;;;
in;2019-05-02 15:43:15.0930;4;;4;travel;1;0;0;
out;2019-05-02 16:35:54.8090;0;;;;;;;
in;2019-05-03 08:55:19.2290;3;;3;home;1;0;0;
out;2019-05-03 09:02:45.6380;0;;;;;;;
in;2019-05-03 09:45:00.0000;3;;3;home;1;0;0;
out;2019-05-03 09:49:19.3170;0;;;;;;;
in;2019-05-03 12:00:08.6200;3;;3;home;1;0;0;
out;2019-05-03 14:31:00.0000;0;;;;;;;
in;2019-05-03 14:53:54.0290;3;;3;home;1;0;0;
out;2019-05-03 16:02:10.1820;0;;;;;;;
in;2019-05-03 16:58:00.0000;3;;3;home;1;0;0;
out;2019-05-03 18:23:46.1990;0;;;;;;;
in;2019-05-03 23:47:47.4260;3;;3;home;1;0;0;
out;2019-05-04 00:19:18.8920;0;;;;;;;
in;2019-05-06 08:28:22.5770;4;;4;travel;1;0;0;
out;2019-05-06 09:13:00.0000;0;;;;;;;
in;2019-05-06 09:27:06.2080;2;;2;office;1;0;0;
out;2019-05-06 17:42:00.0000;0;;;;;;;
in;2019-05-07 08:34:52.5360;4;;4;travel;1;0;0;
out;2019-05-07 08:49:33.0310;0;;;;;;;
in;2019-05-07 08:54:34.3650;2;;2;office;1;0;0;
out;2019-05-07 18:05:00.0000;0;;;;;;;
in;2019-05-07 19:07:00.0000;2;;2;office;1;0;0;
in;2019-05-07 18:15:00.0000;4;;4;travel;1;0;0;
out;2019-05-07 18:55:00.0000;0;;;;;;;
out;2019-05-07 19:17:00.0000;0;;;;;;;
in;2019-05-09 12:15:00.0000;4;;4;travel;1;0;0;
out;2019-05-09 12:46:00.0000;0;;;;;;;
in;2019-05-09 17:04:00.0000;4;;4;travel;1;0;0;
out;2019-05-09 17:32:00.0000;0;;;;;;;
in;2019-05-09 18:49:04.3950;3;;3;home;1;0;0;
out;2019-05-09 19:26:43.2700;0;;;;;;;
in;2019-05-13 09:10:00.0000;3;;3;home;1;0;0;
out;2019-05-13 09:18:48.9730;0;;;;;;;
in;2019-05-13 09:19:29.3760;3;;3;home;1;0;0;
out;2019-05-13 10:10:00.0000;0;;;;;;;
in;2019-05-15 12:26:12.4610;6;;6;mobile;1;0;0;
out;2019-05-15 12:29:11.6540;0;;;;;;;
in;2019-05-15 16:15:13.6210;6;;6;mobile;1;0;0;
out;2019-05-15 16:18:33.6230;0;;;;;;;
in;2019-05-17 12:48:04.6180;3;;3;home;1;0;0;
out;2019-05-17 12:56:06.1900;0;;;;;;;
in;2019-05-20 12:19:56.2060;3;;3;home;1;0;0;
out;2019-05-20 12:53:00.0000;0;;;;;;;
in;2019-05-24 11:00:45.3660;3;;3;home;1;0;0;
out;2019-05-24 12:12:08.0590;0;;;;;;;
in;2019-05-24 13:12:06.5500;3;;3;home;1;0;0;
out;2019-05-24 13:19:57.0270;0;;;;;;;
in;2019-05-24 14:54:29.6130;3;;3;home;1;0;0;
out;2019-05-24 15:27:00.0000;0;;;;;;;
in;2019-05-27 15:32:00.0000;3;;3;home;1;0;0;
out;2019-05-27 15:43:35.9670;0;;;;;;;
in;2019-05-28 12:52:19.8490;3;;3;home;1;0;0;
out;2019-05-28 13:11:54.9850;0;;;;;;;
in;2019-05-28 17:44:55.9050;3;;3;home;1;0;0;
out;2019-05-28 18:10:00.0000;0;;;;;;;
in;2019-05-29 11:08:55.0940;3;;3;home;1;0;0;
out;2019-05-29 11:12:02.6620;0;;;;;;;
in;2019-06-20 11:40:00.0000;3;;3;home;1;0;0;
out;2019-06-20 12:11:50.4060;0;;;;;;;
in;2019-08-16 15:25:55.9880;3;;3;home;1;0;0;
out;2019-08-16 15:56:00.0000;0;;;;;;;
in;2019-08-26 09:12:25.9890;4;;4;travel;1;0;0;
out;2019-08-26 09:19:58.5610;0;;;;;;;
in;2019-08-26 09:26:09.3610;2;;2;office;1;0;0;
out;2019-08-26 16:47:13.6340;0;;;;;;;
in;2019-08-26 17:26:11.2580;4;;4;travel;1;0;0;
out;2019-08-26 17:56:00.0000;0;;;;;;;
in;2019-08-29 10:16:15.4300;3;;3;home;1;0;0;
out;2019-08-29 10:50:28.4920;0;;;;;;;
in;2019-08-29 11:28:20.9510;3;;3;home;1;0;0;
out;2019-08-29 12:34:00.0000;0;;;;;;;
in;2019-09-02 10:17:28.8720;4;;4;travel;1;0;0;
out;2019-09-02 10:29:55.7560;0;;;;;;;
in;2019-09-02 10:53:41.4200;2;;2;office;1;0;0;
out;2019-09-02 12:04:56.7040;0;;;;;;;
in;2019-09-02 12:56:05.2130;2;;2;office;1;0;0;
out;2019-09-02 14:37:48.1950;0;;;;;;;
in;2019-09-02 14:46:20.6870;4;;4;travel;1;0;0;
out;2019-09-02 14:58:01.1030;0;;;;;;;
in;2019-09-02 15:18:49.4120;4;;4;travel;1;0;0;
out;2019-09-02 15:34:05.0070;0;;;;;;;
in;2019-09-03 16:13:50.8220;3;;3;home;1;0;0;
out;2019-09-03 16:25:58.3840;0;;;;;;;
in;2019-09-06 07:28:10.8230;4;;4;travel;1;0;0;
out;2019-09-06 08:04:27.5940;0;;;;;;;
in;2019-09-06 10:13:33.0350;2;;2;office;1;0;0;
out;2019-09-06 12:07:01.0980;0;;;;;;;
in;2019-09-06 13:35:31.8960;2;;2;office;1;0;0;
out;2019-09-06 15:07:00.0000;0;;;;;;;
in;2019-09-09 12:36:20.7320;4;;4;travel;1;0;0;
out;2019-09-09 12:46:00.0000;0;;;;;;;
in;2019-09-09 13:00:09.3200;2;;2;office;1;0;0;
out;2019-09-09 16:03:00.0000;0;;;;;;;
in;2019-09-12 10:19:19.5200;4;;4;travel;1;0;0;
out;2019-09-12 10:41:50.5170;0;;;;;;;
in;2019-09-12 11:04:47.1410;2;;2;office;1;0;0;
out;2019-09-12 13:50:00.0000;0;;;;;;;
in;2019-09-12 14:38:35.9160;4;;4;travel;1;0;0;
out;2019-09-12 14:54:00.0000;0;;;;;;;
in;2019-09-16 11:22:29.4350;4;;4;travel;1;0;0;
out;2019-09-16 11:35:00.0000;0;;;;;;;
in;2019-09-16 12:35:30.4150;2;;2;office;1;0;0;
out;2019-09-16 15:20:04.6870;0;;;;;;;
in;2019-09-19 11:37:38.4890;3;;3;home;1;0;0;
out;2019-09-19 12:51:48.5540;0;;;;;;;
in;2019-09-19 14:46:46.0890;3;;3;home;1;0;0;
out;2019-09-19 16:47:51.5450;0;;;;;;;
in;2019-09-20 10:19:27.4710;3;;3;home;1;0;0;
out;2019-09-20 10:45:18.5030;0;;;;;;;
in;2019-09-20 11:09:18.6180;3;;3;home;1;0;0;
out;2019-09-20 11:19:00.6140;0;;;;;;;
in;2019-09-23 09:33:00.7810;3;;3;home;1;0;0;
out;2019-09-23 09:51:34.8110;0;;;;;;;
in;2019-09-23 10:19:34.7800;4;;4;travel;1;0;0;
out;2019-09-23 11:14:53.9790;0;;;;;;;
in;2019-09-23 11:34:19.9210;2;;2;office;1;0;0;
out;2019-09-23 16:10:00.0000;0;;;;;;;
in;2019-09-23 17:04:00.0000;4;;4;travel;1;0;0;
out;2019-09-23 17:13:01.7600;0;;;;;;;
in;2019-09-25 15:10:00.0000;3;;3;home;1;0;0;
out;2019-09-25 15:17:00.0000;0;;;;;;;
in;2019-09-26 14:45:15.4110;3;;3;home;1;0;0;
out;2019-09-26 15:58:17.8920;0;;;;;;;
in;2019-09-27 13:56:35.2910;3;;3;home;1;0;0;
out;2019-09-27 14:40:56.2590;0;;;;;;;
in;2019-09-30 10:18:10.6290;4;;4;travel;1;0;0;
out;2019-09-30 10:42:42.3080;0;;;;;;;
in;2019-09-30 10:59:56.2070;2;;2;office;1;0;0;
out;2019-09-30 14:58:20.8910;0;;;;;;;
in;2019-09-30 15:30:44.4250;4;;4;travel;1;0;0;
out;2019-09-30 15:50:00.0000;0;;;;;;;
in;2019-09-30 16:17:40.5830;3;;3;home;1;0;0;
out;2019-09-30 17:13:44.5190;0;;;;;;;
in;2019-10-02 10:25:12.6940;3;;3;home;1;0;0;
out;2019-10-02 10:30:00.0000;0;;;;;;;
in;2019-10-02 15:56:23.6590;3;;3;home;1;0;0;
out;2019-10-02 17:25:00.0000;0;;;;;;;
in;2019-10-07 10:36:25.2070;4;;4;travel;1;0;0;
out;2019-10-07 10:45:00.0000;0;;;;;;;
in;2019-10-07 11:09:34.6400;2;;2;office;1;0;0;
out;2019-10-07 15:11:00.0000;0;;;;;;;
in;2019-10-07 16:39:46.8630;4;;4;travel;1;0;0;
out;2019-10-07 16:57:22.3520;0;;;;;;;
in;2019-10-08 15:03:43.1000;6;;6;mobile;1;0;0;
out;2019-10-08 15:18:00.0000;0;;;;;;;
in;2019-10-08 16:56:37.8560;6;;6;mobile;1;0;0;
out;2019-10-08 17:08:05.3940;0;;;;;;;
in;2019-10-09 11:20:01.3940;3;;3;home;1;0;0;
out;2019-10-09 11:59:11.3390;0;;;;;;;
in;2019-10-14 09:10:48.1860;3;;3;home;1;0;0;
out;2019-10-14 09:12:43.7370;0;;;;;;;
in;2019-10-14 10:12:41.7190;4;;4;travel;1;0;0;
out;2019-10-14 10:41:21.5280;0;;;;;;;
in;2019-10-14 11:01:04.6640;2;;2;office;1;0;0;
out;2019-10-14 16:29:00.0000;0;;;;;;;
in;2019-10-14 16:35:57.5530;2;;2;office;1;0;0;
out;2019-10-14 18:33:22.4350;0;;;;;;;
in;2019-10-14 22:04:09.3430;4;;4;travel;1;0;0;
out;2019-10-14 22:33:48.8960;0;;;;;;;
in;2019-10-15 18:03:00.0000;6;;6;mobile;1;0;0;
out;2019-10-15 18:13:09.4720;0;;;;;;;
in;2019-10-17 08:38:19.2800;3;;3;home;1;0;0;
out;2019-10-17 09:33:41.6120;0;;;;;;;
in;2019-10-17 10:01:26.0930;3;;3;home;1;0;0;
out;2019-10-17 10:35:41.9570;0;;;;;;;
